#
# There is insufficient memory for the Java Runtime Environment to continue.
# Native memory allocation (mmap) failed to map 2193620992 bytes. Error detail: G1 virtual space
# Possible reasons:
#   The system is out of physical RAM or swap space
#   This process is running with CompressedOops enabled, and the Java Heap may be blocking the growth of the native heap
# Possible solutions:
#   Reduce memory load on the system
#   Increase physical memory or swap space
#   Check if swap backing store is full
#   Decrease Java heap size (-Xmx/-Xms)
#   Decrease number of Java threads
#   Decrease Java thread stack sizes (-Xss)
#   Set larger code cache with -XX:ReservedCodeCacheSize=
#   JVM is running with Zero Based Compressed Oops mode in which the Java heap is
#     placed in the first 32GB address space. The Java Heap base address is the
#     maximum limit for the native heap growth. Please use -XX:HeapBaseMinAddress
#     to set the Java Heap base and to place the Java Heap above 32GB virtual address.
# This output file may be truncated or incomplete.
#
#  Out of Memory Error (os_windows.cpp:3618), pid=6892, tid=8300
#
# JRE version: OpenJDK Runtime Environment Temurin-17.0.16+8 (17.0.16+8) (build 17.0.16+8)
# Java VM: OpenJDK 64-Bit Server VM Temurin-17.0.16+8 (17.0.16+8, mixed mode, sharing, tiered, compressed oops, compressed class ptrs, g1 gc, windows-amd64)
# No core dump will be written. Minidumps are not enabled by default on client versions of Windows
#

---------------  S U M M A R Y ------------

Command Line: --add-opens=java.base/java.lang=ALL-UNNAMED --add-opens=java.base/java.lang.invoke=ALL-UNNAMED --add-opens=java.base/java.util=ALL-UNNAMED --add-opens=java.prefs/java.util.prefs=ALL-UNNAMED --add-exports=jdk.compiler/com.sun.tools.javac.api=ALL-UNNAMED --add-exports=jdk.compiler/com.sun.tools.javac.util=ALL-UNNAMED --add-opens=java.base/java.util=ALL-UNNAMED --add-opens=java.prefs/java.util.prefs=ALL-UNNAMED --add-opens=java.base/java.nio.charset=ALL-UNNAMED --add-opens=java.base/java.net=ALL-UNNAMED --add-opens=java.base/java.util.concurrent.atomic=ALL-UNNAMED --add-opens=java.xml/javax.xml.namespace=ALL-UNNAMED -XX:MaxMetaspaceSize=4G -XX:ReservedCodeCacheSize=512m -XX:+HeapDumpOnOutOfMemoryError -Xmx8G -Dfile.encoding=windows-1252 -Duser.country=US -Duser.language=en -Duser.variant -javaagent:C:\Users\Bambang Adhi N\.gradle\wrapper\dists\gradle-8.12-all\ejduaidbjup3bmmkhw3rie4zb\gradle-8.12\lib\agents\gradle-instrumentation-agent-8.12.jar org.gradle.launcher.daemon.bootstrap.GradleDaemon 8.12

Host: AMD A8-7410 APU with AMD Radeon R5 Graphics    , 4 cores, 3G,  Windows 10 , 64 bit Build 19041 (10.0.19041.5915)
Time: Thu Dec 11 01:42:14 2025 SE Asia Standard Time elapsed time: 1868.296545 seconds (0d 0h 31m 8s)

---------------  T H R E A D  ---------------

Current thread (0x000002277dfd02a0):  VMThread "VM Thread" [stack: 0x000000c302a00000,0x000000c302b00000] [id=8300]

Stack: [0x000000c302a00000,0x000000c302b00000]
Native frames: (J=compiled Java code, j=interpreted, Vv=VM code, C=native code)
V  [jvm.dll+0x683169]
V  [jvm.dll+0x839ac8]
V  [jvm.dll+0x83b573]
V  [jvm.dll+0x83bbe3]
V  [jvm.dll+0x2473ff]
V  [jvm.dll+0x67ff49]
V  [jvm.dll+0x674e3a]
V  [jvm.dll+0x304ea6]
V  [jvm.dll+0x30c366]
V  [jvm.dll+0x35deee]
V  [jvm.dll+0x35e12d]
V  [jvm.dll+0x2dc26c]
V  [jvm.dll+0x2da60f]
V  [jvm.dll+0x2d9d7c]
V  [jvm.dll+0x31d55b]
V  [jvm.dll+0x84041d]
V  [jvm.dll+0x841153]
V  [jvm.dll+0x84167f]
V  [jvm.dll+0x841a64]
V  [jvm.dll+0x841b2e]
V  [jvm.dll+0x7e979c]
V  [jvm.dll+0x682047]
C  [ucrtbase.dll+0x21bb2]
C  [KERNEL32.DLL+0x17374]
C  [ntdll.dll+0x4cc91]

VM_Operation (0x000000c3060fae30): G1CollectForAllocation, mode: safepoint, requested by thread 0x00000227c5c762f0


---------------  P R O C E S S  ---------------

Threads class SMR info:
_java_thread_list=0x00000227c477c140, length=87, elements={
0x0000022751266ae0, 0x000002277dfd6fc0, 0x000002277dfd82b0, 0x000002277dfebb40,
0x000002277dfee930, 0x000002277dfef200, 0x000002277dfefad0, 0x000002277dff0f90,
0x000002277dff3d70, 0x000002277e5d3270, 0x000002277e66ba90, 0x000002277e7680d0,
0x00000227c4952ca0, 0x000002277e66a5c0, 0x00000227c404d1e0, 0x00000227c57519f0,
0x00000227c49c64f0, 0x00000227c4d0d770, 0x00000227c4d0fff0, 0x00000227c4d0c840,
0x00000227c4d0e6a0, 0x00000227c4d0cd50, 0x00000227c4d0ebb0, 0x00000227c4d0dc80,
0x00000227c4d0f0c0, 0x00000227c4d0d260, 0x00000227c4d0fae0, 0x00000227c4d0e190,
0x00000227c609dc00, 0x00000227c609f040, 0x00000227c609c7c0, 0x00000227c609c2b0,
0x00000227c609ccd0, 0x00000227c609d1e0, 0x00000227c609b890, 0x00000227c609e110,
0x00000227c609bda0, 0x00000227c609e620, 0x00000227c609eb30, 0x00000227c5c79590,
0x00000227c5c73f80, 0x00000227c5c79fb0, 0x00000227c5c74490, 0x00000227c5c79aa0,
0x00000227c5c77c40, 0x00000227c5c749a0, 0x00000227c5c77730, 0x00000227c5c74eb0,
0x00000227c5c753c0, 0x00000227c5c762f0, 0x00000227c5c76800, 0x00000227c5c758d0,
0x00000227c5c76d10, 0x00000227c5c77220, 0x00000227c5c78150, 0x00000227c5c78660,
0x00000227c5c79080, 0x00000227c5c7a4c0, 0x00000227c5c73050, 0x00000227c5c7a9d0,
0x00000227c5c73a70, 0x00000227c76d8770, 0x00000227c76d7330, 0x00000227c76d5ef0,
0x00000227c76d54d0, 0x00000227c76d4fc0, 0x00000227c76d7d50, 0x00000227c76d59e0,
0x00000227c76d7840, 0x00000227c9156d20, 0x00000227c9158b80, 0x00000227c9153a80,
0x00000227c9157230, 0x00000227c91595a0, 0x00000227c915a4d0, 0x00000227c9153060,
0x00000227c91549b0, 0x00000227c9154ec0, 0x00000227c915a9e0, 0x00000227c9157740,
0x00000227c9153570, 0x00000227c9157c50, 0x00000227d622c150, 0x00000227d5baea50,
0x00000227d5bb03a0, 0x00000227d5bad100, 0x00000227d5bab7b0
}

Java Threads: ( => current thread )
  0x0000022751266ae0 JavaThread "main" [_thread_blocked, id=9808, stack(0x000000c302400000,0x000000c302500000)]
  0x000002277dfd6fc0 JavaThread "Reference Handler" daemon [_thread_blocked, id=10940, stack(0x000000c302b00000,0x000000c302c00000)]
  0x000002277dfd82b0 JavaThread "Finalizer" daemon [_thread_blocked, id=7668, stack(0x000000c302c00000,0x000000c302d00000)]
  0x000002277dfebb40 JavaThread "Signal Dispatcher" daemon [_thread_blocked, id=6728, stack(0x000000c302d00000,0x000000c302e00000)]
  0x000002277dfee930 JavaThread "Attach Listener" daemon [_thread_blocked, id=11180, stack(0x000000c302e00000,0x000000c302f00000)]
  0x000002277dfef200 JavaThread "Service Thread" daemon [_thread_blocked, id=1188, stack(0x000000c302f00000,0x000000c303000000)]
  0x000002277dfefad0 JavaThread "Monitor Deflation Thread" daemon [_thread_blocked, id=10228, stack(0x000000c303000000,0x000000c303100000)]
  0x000002277dff0f90 JavaThread "C2 CompilerThread0" daemon [_thread_blocked, id=3772, stack(0x000000c303100000,0x000000c303200000)]
  0x000002277dff3d70 JavaThread "C1 CompilerThread0" daemon [_thread_blocked, id=11128, stack(0x000000c303200000,0x000000c303300000)]
  0x000002277e5d3270 JavaThread "Sweeper thread" daemon [_thread_blocked, id=1224, stack(0x000000c303300000,0x000000c303400000)]
  0x000002277e66ba90 JavaThread "Common-Cleaner" daemon [_thread_blocked, id=4108, stack(0x000000c303400000,0x000000c303500000)]
  0x000002277e7680d0 JavaThread "Notification Thread" daemon [_thread_blocked, id=7660, stack(0x000000c303500000,0x000000c303600000)]
  0x00000227c4952ca0 JavaThread "Daemon health stats" [_thread_blocked, id=8704, stack(0x000000c303b00000,0x000000c303c00000)]
  0x000002277e66a5c0 JavaThread "Incoming local TCP Connector on port 60558" [_thread_in_native, id=9628, stack(0x000000c303c00000,0x000000c303d00000)]
  0x00000227c404d1e0 JavaThread "Daemon periodic checks" [_thread_blocked, id=5964, stack(0x000000c303d00000,0x000000c303e00000)]
  0x00000227c57519f0 JavaThread "Daemon" [_thread_blocked, id=7904, stack(0x000000c303e00000,0x000000c303f00000)]
  0x00000227c49c64f0 JavaThread "Handler for socket connection from /127.0.0.1:60558 to /127.0.0.1:60561" [_thread_in_native, id=1632, stack(0x000000c303f00000,0x000000c304000000)]
  0x00000227c4d0d770 JavaThread "Cancel handler" [_thread_blocked, id=4872, stack(0x000000c304000000,0x000000c304100000)]
  0x00000227c4d0fff0 JavaThread "Daemon worker" [_thread_blocked, id=8648, stack(0x000000c304100000,0x000000c304200000)]
  0x00000227c4d0c840 JavaThread "Asynchronous log dispatcher for DefaultDaemonConnection: socket connection from /127.0.0.1:60558 to /127.0.0.1:60561" [_thread_blocked, id=8560, stack(0x000000c304200000,0x000000c304300000)]
  0x00000227c4d0e6a0 JavaThread "Stdin handler" [_thread_blocked, id=8784, stack(0x000000c304300000,0x000000c304400000)]
  0x00000227c4d0cd50 JavaThread "Daemon client event forwarder" [_thread_blocked, id=4300, stack(0x000000c304400000,0x000000c304500000)]
  0x00000227c4d0ebb0 JavaThread "Cache worker for journal cache (C:\Users\Bambang Adhi N\.gradle\caches\journal-1)" [_thread_blocked, id=7052, stack(0x000000c304500000,0x000000c304600000)]
  0x00000227c4d0dc80 JavaThread "File lock request listener" [_thread_in_native, id=8396, stack(0x000000c302300000,0x000000c302400000)]
  0x00000227c4d0f0c0 JavaThread "Cache worker for file hash cache (C:\Users\Bambang Adhi N\.gradle\caches\8.12\fileHashes)" [_thread_blocked, id=5404, stack(0x000000c304600000,0x000000c304700000)]
  0x00000227c4d0d260 JavaThread "Cache worker for file hash cache (D:\Pemrograman Mobile\app user\User3B\android\.gradle\8.12\fileHashes)" [_thread_blocked, id=224, stack(0x000000c304700000,0x000000c304800000)]
  0x00000227c4d0fae0 JavaThread "Cache worker for Build Output Cleanup Cache (D:\Pemrograman Mobile\app user\User3B\android\.gradle\buildOutputCleanup)" [_thread_blocked, id=1440, stack(0x000000c304a00000,0x000000c304b00000)]
  0x00000227c4d0e190 JavaThread "File watcher server" daemon [_thread_in_native, id=2112, stack(0x000000c302100000,0x000000c302200000)]
  0x00000227c609dc00 JavaThread "File watcher consumer" daemon [_thread_blocked, id=4132, stack(0x000000c302200000,0x000000c302300000)]
  0x00000227c609f040 JavaThread "Cache worker for checksums cache (D:\Pemrograman Mobile\app user\User3B\android\.gradle\8.12\checksums)" [_thread_blocked, id=7364, stack(0x000000c304b00000,0x000000c304c00000)]
  0x00000227c609c7c0 JavaThread "Cache worker for file content cache (C:\Users\Bambang Adhi N\.gradle\caches\8.12\fileContent)" [_thread_blocked, id=3880, stack(0x000000c304c00000,0x000000c304d00000)]
  0x00000227c609c2b0 JavaThread "Cache worker for cache directory md-rule (C:\Users\Bambang Adhi N\.gradle\caches\8.12\md-rule)" [_thread_blocked, id=2020, stack(0x000000c304d00000,0x000000c304e00000)]
  0x00000227c609ccd0 JavaThread "Cache worker for cache directory md-supplier (C:\Users\Bambang Adhi N\.gradle\caches\8.12\md-supplier)" [_thread_blocked, id=6876, stack(0x000000c304e00000,0x000000c304f00000)]
  0x00000227c609d1e0 JavaThread "Cache worker for Build Output Cleanup Cache (C:\Users\Bambang Adhi N\fvm\versions\stable\packages\flutter_tools\gradle\.gradle\buildOutputCleanup)" [_thread_blocked, id=1380, stack(0x000000c304f00000,0x000000c305000000)]
  0x00000227c609b890 JavaThread "Unconstrained build operations" [_thread_blocked, id=8460, stack(0x000000c305000000,0x000000c305100000)]
  0x00000227c609e110 JavaThread "Unconstrained build operations Thread 2" [_thread_blocked, id=8812, stack(0x000000c305100000,0x000000c305200000)]
  0x00000227c609bda0 JavaThread "Unconstrained build operations Thread 3" [_thread_blocked, id=10092, stack(0x000000c305200000,0x000000c305300000)]
  0x00000227c609e620 JavaThread "Unconstrained build operations Thread 4" [_thread_blocked, id=11076, stack(0x000000c305300000,0x000000c305400000)]
  0x00000227c609eb30 JavaThread "Unconstrained build operations Thread 5" [_thread_blocked, id=9712, stack(0x000000c305400000,0x000000c305500000)]
  0x00000227c5c79590 JavaThread "Unconstrained build operations Thread 6" [_thread_blocked, id=7944, stack(0x000000c305500000,0x000000c305600000)]
  0x00000227c5c73f80 JavaThread "Unconstrained build operations Thread 7" [_thread_blocked, id=11256, stack(0x000000c305600000,0x000000c305700000)]
  0x00000227c5c79fb0 JavaThread "Unconstrained build operations Thread 8" [_thread_blocked, id=8864, stack(0x000000c305700000,0x000000c305800000)]
  0x00000227c5c74490 JavaThread "Unconstrained build operations Thread 9" [_thread_blocked, id=7724, stack(0x000000c305800000,0x000000c305900000)]
  0x00000227c5c79aa0 JavaThread "Memory manager" [_thread_blocked, id=4888, stack(0x000000c305900000,0x000000c305a00000)]
  0x00000227c5c77c40 JavaThread "build event listener" [_thread_blocked, id=2344, stack(0x000000c305a00000,0x000000c305b00000)]
  0x00000227c5c749a0 JavaThread "Execution worker" [_thread_blocked, id=8128, stack(0x000000c305c00000,0x000000c305d00000)]
  0x00000227c5c77730 JavaThread "Execution worker Thread 2" [_thread_blocked, id=10984, stack(0x000000c305d00000,0x000000c305e00000)]
  0x00000227c5c74eb0 JavaThread "Execution worker Thread 3" [_thread_blocked, id=5176, stack(0x000000c305e00000,0x000000c305f00000)]
  0x00000227c5c753c0 JavaThread "Cache worker for execution history cache (C:\Users\Bambang Adhi N\fvm\versions\stable\packages\flutter_tools\gradle\.gradle\8.12\executionHistory)" [_thread_blocked, id=348, stack(0x000000c305f00000,0x000000c306000000)]
  0x00000227c5c762f0 JavaThread "Unconstrained build operations Thread 10" [_thread_blocked, id=1328, stack(0x000000c306000000,0x000000c306100000)]
  0x00000227c5c76800 JavaThread "Unconstrained build operations Thread 11" [_thread_blocked, id=9540, stack(0x000000c306100000,0x000000c306200000)]
  0x00000227c5c758d0 JavaThread "Unconstrained build operations Thread 12" [_thread_blocked, id=3796, stack(0x000000c306200000,0x000000c306300000)]
  0x00000227c5c76d10 JavaThread "Unconstrained build operations Thread 13" [_thread_blocked, id=6036, stack(0x000000c306300000,0x000000c306400000)]
  0x00000227c5c77220 JavaThread "Unconstrained build operations Thread 14" [_thread_blocked, id=2424, stack(0x000000c306400000,0x000000c306500000)]
  0x00000227c5c78150 JavaThread "Unconstrained build operations Thread 15" [_thread_blocked, id=10564, stack(0x000000c306500000,0x000000c306600000)]
  0x00000227c5c78660 JavaThread "Unconstrained build operations Thread 16" [_thread_blocked, id=1760, stack(0x000000c306600000,0x000000c306700000)]
  0x00000227c5c79080 JavaThread "Unconstrained build operations Thread 17" [_thread_blocked, id=4136, stack(0x000000c306700000,0x000000c306800000)]
  0x00000227c5c7a4c0 JavaThread "Unconstrained build operations Thread 18" [_thread_blocked, id=4496, stack(0x000000c306800000,0x000000c306900000)]
  0x00000227c5c73050 JavaThread "Unconstrained build operations Thread 19" [_thread_blocked, id=6328, stack(0x000000c306900000,0x000000c306a00000)]
  0x00000227c5c7a9d0 JavaThread "Unconstrained build operations Thread 20" [_thread_blocked, id=6240, stack(0x000000c306a00000,0x000000c306b00000)]
  0x00000227c5c73a70 JavaThread "Unconstrained build operations Thread 21" [_thread_blocked, id=4424, stack(0x000000c306b00000,0x000000c306c00000)]
  0x00000227c76d8770 JavaThread "Unconstrained build operations Thread 22" [_thread_blocked, id=5616, stack(0x000000c306c00000,0x000000c306d00000)]
  0x00000227c76d7330 JavaThread "Unconstrained build operations Thread 23" [_thread_blocked, id=9648, stack(0x000000c306d00000,0x000000c306e00000)]
  0x00000227c76d5ef0 JavaThread "Unconstrained build operations Thread 24" [_thread_blocked, id=7000, stack(0x000000c306e00000,0x000000c306f00000)]
  0x00000227c76d54d0 JavaThread "Unconstrained build operations Thread 25" [_thread_blocked, id=10560, stack(0x000000c306f00000,0x000000c307000000)]
  0x00000227c76d4fc0 JavaThread "Unconstrained build operations Thread 26" [_thread_blocked, id=10464, stack(0x000000c307000000,0x000000c307100000)]
  0x00000227c76d7d50 JavaThread "Unconstrained build operations Thread 27" [_thread_blocked, id=10764, stack(0x000000c307100000,0x000000c307200000)]
  0x00000227c76d59e0 JavaThread "Unconstrained build operations Thread 28" [_thread_blocked, id=1656, stack(0x000000c307200000,0x000000c307300000)]
  0x00000227c76d7840 JavaThread "Unconstrained build operations Thread 29" [_thread_blocked, id=560, stack(0x000000c307300000,0x000000c307400000)]
  0x00000227c9156d20 JavaThread "Unconstrained build operations Thread 30" [_thread_blocked, id=4172, stack(0x000000c307600000,0x000000c307700000)]
  0x00000227c9158b80 JavaThread "Unconstrained build operations Thread 31" [_thread_blocked, id=4440, stack(0x000000c307700000,0x000000c307800000)]
  0x00000227c9153a80 JavaThread "Unconstrained build operations Thread 32" [_thread_blocked, id=3820, stack(0x000000c307800000,0x000000c307900000)]
  0x00000227c9157230 JavaThread "Unconstrained build operations Thread 33" [_thread_blocked, id=9596, stack(0x000000c307900000,0x000000c307a00000)]
  0x00000227c91595a0 JavaThread "Unconstrained build operations Thread 34" [_thread_blocked, id=5244, stack(0x000000c307a00000,0x000000c307b00000)]
  0x00000227c915a4d0 JavaThread "Unconstrained build operations Thread 35" [_thread_blocked, id=5500, stack(0x000000c307b00000,0x000000c307c00000)]
  0x00000227c9153060 JavaThread "Unconstrained build operations Thread 36" [_thread_blocked, id=11104, stack(0x000000c307c00000,0x000000c307d00000)]
  0x00000227c91549b0 JavaThread "Unconstrained build operations Thread 37" [_thread_blocked, id=4088, stack(0x000000c307d00000,0x000000c307e00000)]
  0x00000227c9154ec0 JavaThread "Unconstrained build operations Thread 38" [_thread_blocked, id=5524, stack(0x000000c307e00000,0x000000c307f00000)]
  0x00000227c915a9e0 JavaThread "Unconstrained build operations Thread 39" [_thread_blocked, id=10636, stack(0x000000c307f00000,0x000000c308000000)]
  0x00000227c9157740 JavaThread "Unconstrained build operations Thread 40" [_thread_blocked, id=9048, stack(0x000000c308000000,0x000000c308100000)]
  0x00000227c9153570 JavaThread "Kotlin DSL Writer" [_thread_blocked, id=8908, stack(0x000000c308100000,0x000000c308200000)]
  0x00000227c9157c50 JavaThread "build event listener" [_thread_blocked, id=764, stack(0x000000c308200000,0x000000c308300000)]
  0x00000227d622c150 JavaThread "jar transforms" [_thread_blocked, id=4468, stack(0x000000c308300000,0x000000c308400000)]
  0x00000227d5baea50 JavaThread "jar transforms Thread 2" [_thread_blocked, id=9468, stack(0x000000c308400000,0x000000c308500000)]
  0x00000227d5bb03a0 JavaThread "Problems report writer" [_thread_blocked, id=980, stack(0x000000c308500000,0x000000c308600000)]
  0x00000227d5bad100 JavaThread "jar transforms Thread 3" [_thread_blocked, id=1800, stack(0x000000c308600000,0x000000c308700000)]
  0x00000227d5bab7b0 JavaThread "jar transforms Thread 4" [_thread_blocked, id=11224, stack(0x000000c304800000,0x000000c304900000)]

Other Threads:
=>0x000002277dfd02a0 VMThread "VM Thread" [stack: 0x000000c302a00000,0x000000c302b00000] [id=8300]
  0x000002277e7058f0 WatcherThread [stack: 0x000000c303600000,0x000000c303700000] [id=9848]
  0x0000022751313ec0 GCTaskThread "GC Thread#0" [stack: 0x000000c302500000,0x000000c302600000] [id=7620]
  0x000002277e7c60c0 GCTaskThread "GC Thread#1" [stack: 0x000000c303700000,0x000000c303800000] [id=9104]
  0x000002277e81cd30 GCTaskThread "GC Thread#2" [stack: 0x000000c303800000,0x000000c303900000] [id=8456]
  0x000002277e8983e0 GCTaskThread "GC Thread#3" [stack: 0x000000c303900000,0x000000c303a00000] [id=7732]
  0x000002275131cba0 ConcurrentGCThread "G1 Main Marker" [stack: 0x000000c302600000,0x000000c302700000] [id=5592]
  0x000002275131db10 ConcurrentGCThread "G1 Conc#0" [stack: 0x000000c302700000,0x000000c302800000] [id=7136]
  0x000002277de87110 ConcurrentGCThread "G1 Refine#0" [stack: 0x000000c302800000,0x000000c302900000] [id=10304]
  0x000002277e8986a0 ConcurrentGCThread "G1 Refine#1" [stack: 0x000000c303a00000,0x000000c303b00000] [id=3316]
  0x00000227c54d3c80 ConcurrentGCThread "G1 Refine#2" [stack: 0x000000c305b00000,0x000000c305c00000] [id=4112]
  0x00000227c683e4c0 ConcurrentGCThread "G1 Refine#3" [stack: 0x000000c307400000,0x000000c307500000] [id=10756]
  0x000002277de877f0 ConcurrentGCThread "G1 Service" [stack: 0x000000c302900000,0x000000c302a00000] [id=9060]

Threads with active compile tasks:

VM state: at safepoint (normal execution)

VM Mutex/Monitor currently owned by a thread:  ([mutex/lock_event])
[0x0000022751262db0] Threads_lock - owner thread: 0x000002277dfd02a0
[0x0000022751263860] Heap_lock - owner thread: 0x00000227c5c762f0

Heap address: 0x0000000600000000, size: 8192 MB, Compressed Oops mode: Zero based, Oop shift amount: 3

CDS archive(s) mapped at: [0x000002277f000000-0x000002277fbb0000-0x000002277fbb0000), size 12255232, SharedBaseAddress: 0x000002277f000000, ArchiveRelocationMode: 1.
Compressed class space mapped at: 0x0000022780000000-0x00000227c0000000, reserved size: 1073741824
Narrow klass base: 0x000002277f000000, Narrow klass shift: 0, Narrow klass range: 0x100000000

GC Precious Log:
 CPUs: 4 total, 4 available
 Memory: 3506M
 Large Page Support: Disabled
 NUMA Support: Disabled
 Compressed Oops: Enabled (Zero based)
 Heap Region Size: 4M
 Heap Min Capacity: 8M
 Heap Initial Capacity: 56M
 Heap Max Capacity: 8G
 Pre-touch: Disabled
 Parallel Workers: 4
 Concurrent Workers: 1
 Concurrent Refinement Workers: 4
 Periodic GC: Disabled

Heap:
 garbage-first heap   total 2953216K, used 313270K [0x0000000600000000, 0x0000000800000000)
  region size 4096K, 2 young (8192K), 2 survivors (8192K)
 Metaspace       used 181845K, committed 183104K, reserved 1245184K
  class space    used 23334K, committed 23936K, reserved 1048576K

Heap Regions: E=young(eden), S=young(survivor), O=old, HS=humongous(starts), HC=humongous(continues), CS=collection set, F=free, OA=open archive, CA=closed archive, TAMS=top-at-mark-start (previous, next)
|   0|0x0000000600000000, 0x0000000600400000, 0x0000000600400000|100%|HS|  |TAMS 0x0000000600400000, 0x0000000600000000| Complete 
|   1|0x0000000600400000, 0x0000000600800000, 0x0000000600800000|100%| O|  |TAMS 0x0000000600800000, 0x0000000600400000| Untracked 
|   2|0x0000000600800000, 0x0000000600c00000, 0x0000000600c00000|100%| O|  |TAMS 0x0000000600c00000, 0x0000000600800000| Untracked 
|   3|0x0000000600c00000, 0x0000000601000000, 0x0000000601000000|100%| O|  |TAMS 0x0000000601000000, 0x0000000600c00000| Untracked 
|   4|0x0000000601000000, 0x0000000601400000, 0x0000000601400000|100%| O|  |TAMS 0x0000000601400000, 0x0000000601000000| Untracked 
|   5|0x0000000601400000, 0x0000000601800000, 0x0000000601800000|100%| O|  |TAMS 0x0000000601800000, 0x0000000601400000| Untracked 
|   6|0x0000000601800000, 0x0000000601c00000, 0x0000000601c00000|100%| O|  |TAMS 0x0000000601c00000, 0x0000000601800000| Untracked 
|   7|0x0000000601c00000, 0x0000000602000000, 0x0000000602000000|100%|HS|  |TAMS 0x0000000602000000, 0x0000000601c00000| Complete 
|   8|0x0000000602000000, 0x0000000602400000, 0x0000000602400000|100%| O|  |TAMS 0x0000000602400000, 0x0000000602000000| Untracked 
|   9|0x0000000602400000, 0x0000000602800000, 0x0000000602800000|100%| O|  |TAMS 0x0000000602800000, 0x0000000602400000| Untracked 
|  10|0x0000000602800000, 0x0000000602c00000, 0x0000000602c00000|100%|HS|  |TAMS 0x0000000602c00000, 0x0000000602800000| Complete 
|  11|0x0000000602c00000, 0x0000000603000000, 0x0000000603000000|100%| O|  |TAMS 0x0000000603000000, 0x0000000602c00000| Untracked 
|  12|0x0000000603000000, 0x0000000603400000, 0x0000000603400000|100%| O|  |TAMS 0x0000000603400000, 0x0000000603000000| Untracked 
|  13|0x0000000603400000, 0x0000000603800000, 0x0000000603800000|100%| O|  |TAMS 0x0000000603800000, 0x0000000603400000| Untracked 
|  14|0x0000000603800000, 0x0000000603c00000, 0x0000000603c00000|100%| O|  |TAMS 0x0000000603c00000, 0x0000000603800000| Untracked 
|  15|0x0000000603c00000, 0x0000000604000000, 0x0000000604000000|100%| O|  |TAMS 0x0000000604000000, 0x0000000603c00000| Untracked 
|  16|0x0000000604000000, 0x0000000604400000, 0x0000000604400000|100%| O|  |TAMS 0x0000000604400000, 0x0000000604000000| Untracked 
|  17|0x0000000604400000, 0x0000000604800000, 0x0000000604800000|100%| O|  |TAMS 0x0000000604800000, 0x0000000604400000| Untracked 
|  18|0x0000000604800000, 0x0000000604c00000, 0x0000000604c00000|100%| O|  |TAMS 0x0000000604c00000, 0x0000000604800000| Untracked 
|  19|0x0000000604c00000, 0x0000000605000000, 0x0000000605000000|100%| O|  |TAMS 0x0000000605000000, 0x0000000604c00000| Untracked 
|  20|0x0000000605000000, 0x0000000605400000, 0x0000000605400000|100%| O|  |TAMS 0x0000000605400000, 0x0000000605000000| Untracked 
|  21|0x0000000605400000, 0x0000000605800000, 0x0000000605800000|100%| O|  |TAMS 0x0000000605800000, 0x0000000605400000| Untracked 
|  22|0x0000000605800000, 0x0000000605c00000, 0x0000000605c00000|100%| O|  |TAMS 0x0000000605c00000, 0x0000000605800000| Untracked 
|  23|0x0000000605c00000, 0x0000000606000000, 0x0000000606000000|100%| O|  |TAMS 0x0000000606000000, 0x0000000605c00000| Untracked 
|  24|0x0000000606000000, 0x0000000606400000, 0x0000000606400000|100%| O|  |TAMS 0x0000000606400000, 0x0000000606000000| Untracked 
|  25|0x0000000606400000, 0x0000000606800000, 0x0000000606800000|100%| O|  |TAMS 0x0000000606800000, 0x0000000606400000| Untracked 
|  26|0x0000000606800000, 0x0000000606c00000, 0x0000000606c00000|100%| O|  |TAMS 0x0000000606c00000, 0x0000000606800000| Untracked 
|  27|0x0000000606c00000, 0x0000000607000000, 0x0000000607000000|100%|HS|  |TAMS 0x0000000607000000, 0x0000000606c00000| Complete 
|  28|0x0000000607000000, 0x0000000607400000, 0x0000000607400000|100%|HC|  |TAMS 0x0000000607400000, 0x0000000607000000| Complete 
|  29|0x0000000607400000, 0x0000000607800000, 0x0000000607800000|100%| O|  |TAMS 0x0000000607800000, 0x0000000607400000| Untracked 
|  30|0x0000000607800000, 0x0000000607c00000, 0x0000000607c00000|100%| O|  |TAMS 0x0000000607c00000, 0x0000000607800000| Untracked 
|  31|0x0000000607c00000, 0x0000000608000000, 0x0000000608000000|100%| O|  |TAMS 0x0000000608000000, 0x0000000607c00000| Untracked 
|  32|0x0000000608000000, 0x0000000608400000, 0x0000000608400000|100%| O|  |TAMS 0x0000000608400000, 0x0000000608000000| Untracked 
|  33|0x0000000608400000, 0x0000000608800000, 0x0000000608800000|100%| O|  |TAMS 0x0000000608800000, 0x0000000608400000| Untracked 
|  34|0x0000000608800000, 0x0000000608c00000, 0x0000000608c00000|100%| O|  |TAMS 0x0000000608c00000, 0x0000000608800000| Untracked 
|  35|0x0000000608c00000, 0x0000000609000000, 0x0000000609000000|100%| O|  |TAMS 0x0000000609000000, 0x0000000608c00000| Untracked 
|  36|0x0000000609000000, 0x0000000609400000, 0x0000000609400000|100%| O|  |TAMS 0x0000000609400000, 0x0000000609000000| Untracked 
|  37|0x0000000609400000, 0x0000000609800000, 0x0000000609800000|100%| O|  |TAMS 0x0000000609800000, 0x0000000609400000| Untracked 
|  38|0x0000000609800000, 0x0000000609c00000, 0x0000000609c00000|100%| O|  |TAMS 0x0000000609c00000, 0x0000000609800000| Untracked 
|  39|0x0000000609c00000, 0x000000060a000000, 0x000000060a000000|100%| O|  |TAMS 0x000000060a000000, 0x0000000609c00000| Untracked 
|  40|0x000000060a000000, 0x000000060a400000, 0x000000060a400000|100%| O|  |TAMS 0x000000060a400000, 0x000000060a000000| Untracked 
|  41|0x000000060a400000, 0x000000060a800000, 0x000000060a800000|100%| O|  |TAMS 0x000000060a400000, 0x000000060a400000| Untracked 
|  42|0x000000060a800000, 0x000000060ac00000, 0x000000060ac00000|100%| O|  |TAMS 0x000000060ac00000, 0x000000060a800000| Untracked 
|  43|0x000000060ac00000, 0x000000060b000000, 0x000000060b000000|100%| O|  |TAMS 0x000000060ac00000, 0x000000060ac00000| Untracked 
|  44|0x000000060b000000, 0x000000060b400000, 0x000000060b400000|100%| O|  |TAMS 0x000000060b400000, 0x000000060b000000| Untracked 
|  45|0x000000060b400000, 0x000000060b800000, 0x000000060b800000|100%| O|  |TAMS 0x000000060b800000, 0x000000060b400000| Untracked 
|  46|0x000000060b800000, 0x000000060bc00000, 0x000000060bc00000|100%| O|  |TAMS 0x000000060bc00000, 0x000000060b800000| Untracked 
|  47|0x000000060bc00000, 0x000000060c000000, 0x000000060c000000|100%| O|  |TAMS 0x000000060c000000, 0x000000060bc00000| Untracked 
|  48|0x000000060c000000, 0x000000060c400000, 0x000000060c400000|100%| O|  |TAMS 0x000000060c400000, 0x000000060c000000| Untracked 
|  49|0x000000060c400000, 0x000000060c800000, 0x000000060c800000|100%| O|  |TAMS 0x000000060c800000, 0x000000060c400000| Untracked 
|  50|0x000000060c800000, 0x000000060cc00000, 0x000000060cc00000|100%| O|  |TAMS 0x000000060cc00000, 0x000000060c800000| Untracked 
|  51|0x000000060cc00000, 0x000000060d000000, 0x000000060d000000|100%| O|  |TAMS 0x000000060d000000, 0x000000060cc00000| Untracked 
|  52|0x000000060d000000, 0x000000060d400000, 0x000000060d400000|100%| O|  |TAMS 0x000000060d400000, 0x000000060d000000| Untracked 
|  53|0x000000060d400000, 0x000000060d800000, 0x000000060d800000|100%| O|  |TAMS 0x000000060d800000, 0x000000060d400000| Untracked 
|  54|0x000000060d800000, 0x000000060dc00000, 0x000000060dc00000|100%| O|  |TAMS 0x000000060dc00000, 0x000000060d800000| Untracked 
|  55|0x000000060dc00000, 0x000000060e000000, 0x000000060e000000|100%| O|  |TAMS 0x000000060e000000, 0x000000060dc00000| Untracked 
|  56|0x000000060e000000, 0x000000060e400000, 0x000000060e400000|100%| O|  |TAMS 0x000000060e400000, 0x000000060e000000| Untracked 
|  57|0x000000060e400000, 0x000000060e800000, 0x000000060e800000|100%| O|  |TAMS 0x000000060e800000, 0x000000060e400000| Untracked 
|  58|0x000000060e800000, 0x000000060ec00000, 0x000000060ec00000|100%| O|  |TAMS 0x000000060ec00000, 0x000000060e800000| Untracked 
|  59|0x000000060ec00000, 0x000000060f000000, 0x000000060f000000|100%| O|  |TAMS 0x000000060f000000, 0x000000060ec00000| Untracked 
|  60|0x000000060f000000, 0x000000060f400000, 0x000000060f400000|100%| O|  |TAMS 0x000000060f400000, 0x000000060f000000| Untracked 
|  61|0x000000060f400000, 0x000000060f800000, 0x000000060f800000|100%| O|  |TAMS 0x000000060f72b600, 0x000000060f400000| Untracked 
|  62|0x000000060f800000, 0x000000060fc00000, 0x000000060fc00000|100%| O|  |TAMS 0x000000060f800000, 0x000000060f800000| Untracked 
|  63|0x000000060fc00000, 0x0000000610000000, 0x0000000610000000|100%| O|  |TAMS 0x000000060fc00000, 0x000000060fc00000| Untracked 
|  64|0x0000000610000000, 0x0000000610400000, 0x0000000610400000|100%| O|  |TAMS 0x0000000610000000, 0x0000000610000000| Untracked 
|  65|0x0000000610400000, 0x0000000610800000, 0x0000000610800000|100%| O|  |TAMS 0x0000000610400000, 0x0000000610400000| Untracked 
|  66|0x0000000610800000, 0x0000000610c00000, 0x0000000610c00000|100%| O|  |TAMS 0x0000000610800000, 0x0000000610800000| Untracked 
|  67|0x0000000610c00000, 0x0000000611000000, 0x0000000611000000|100%| O|  |TAMS 0x0000000610c00000, 0x0000000610c00000| Untracked 
|  68|0x0000000611000000, 0x0000000611400000, 0x0000000611400000|100%| O|  |TAMS 0x0000000611000000, 0x0000000611000000| Untracked 
|  69|0x0000000611400000, 0x0000000611800000, 0x0000000611800000|100%| O|  |TAMS 0x0000000611400000, 0x0000000611400000| Untracked 
|  70|0x0000000611800000, 0x0000000611c00000, 0x0000000611c00000|100%| O|  |TAMS 0x0000000611800000, 0x0000000611800000| Untracked 
|  71|0x0000000611c00000, 0x0000000612000000, 0x0000000612000000|100%| O|  |TAMS 0x0000000611c00000, 0x0000000611c00000| Untracked 
|  72|0x0000000612000000, 0x0000000612400000, 0x0000000612400000|100%| O|  |TAMS 0x0000000612000000, 0x0000000612000000| Untracked 
|  73|0x0000000612400000, 0x0000000612800000, 0x0000000612800000|100%| O|  |TAMS 0x0000000612400000, 0x0000000612400000| Untracked 
|  74|0x0000000612800000, 0x0000000612c00000, 0x0000000612c00000|100%| O|  |TAMS 0x0000000612800000, 0x0000000612800000| Untracked 
|  75|0x0000000612c00000, 0x0000000612d72c00, 0x0000000613000000| 36%| O|  |TAMS 0x0000000612c00000, 0x0000000612c00000| Untracked 
|  76|0x0000000613000000, 0x0000000613000000, 0x0000000613400000|  0%| F|  |TAMS 0x0000000613000000, 0x0000000613000000| Untracked 
|  77|0x0000000613400000, 0x0000000613400000, 0x0000000613800000|  0%| F|  |TAMS 0x0000000613400000, 0x0000000613400000| Untracked 
|  78|0x0000000613800000, 0x0000000613800000, 0x0000000613c00000|  0%| F|  |TAMS 0x0000000613800000, 0x0000000613800000| Untracked 
|  79|0x0000000613c00000, 0x0000000613c00000, 0x0000000614000000|  0%| F|  |TAMS 0x0000000613c00000, 0x0000000613c00000| Untracked 
|  80|0x0000000614000000, 0x0000000614000000, 0x0000000614400000|  0%| F|  |TAMS 0x0000000614000000, 0x0000000614000000| Untracked 
|  81|0x0000000614400000, 0x0000000614400000, 0x0000000614800000|  0%| F|  |TAMS 0x0000000614400000, 0x0000000614400000| Untracked 
|  82|0x0000000614800000, 0x0000000614800000, 0x0000000614c00000|  0%| F|  |TAMS 0x0000000614800000, 0x0000000614800000| Untracked 
|  83|0x0000000614c00000, 0x0000000614c00000, 0x0000000615000000|  0%| F|  |TAMS 0x0000000614c00000, 0x0000000614c00000| Untracked 
|  84|0x0000000615000000, 0x0000000615000000, 0x0000000615400000|  0%| F|  |TAMS 0x0000000615000000, 0x0000000615000000| Untracked 
|  85|0x0000000615400000, 0x0000000615400000, 0x0000000615800000|  0%| F|  |TAMS 0x0000000615400000, 0x0000000615400000| Untracked 
|  86|0x0000000615800000, 0x0000000615800000, 0x0000000615c00000|  0%| F|  |TAMS 0x0000000615800000, 0x0000000615800000| Untracked 
|  87|0x0000000615c00000, 0x0000000615c00000, 0x0000000616000000|  0%| F|  |TAMS 0x0000000615c00000, 0x0000000615c00000| Untracked 
|  88|0x0000000616000000, 0x0000000616000000, 0x0000000616400000|  0%| F|  |TAMS 0x0000000616000000, 0x0000000616000000| Untracked 
|  89|0x0000000616400000, 0x0000000616400000, 0x0000000616800000|  0%| F|  |TAMS 0x0000000616400000, 0x0000000616400000| Untracked 
|  90|0x0000000616800000, 0x0000000616800000, 0x0000000616c00000|  0%| F|  |TAMS 0x0000000616800000, 0x0000000616800000| Untracked 
|  91|0x0000000616c00000, 0x0000000616c00000, 0x0000000617000000|  0%| F|  |TAMS 0x0000000616c00000, 0x0000000616c00000| Untracked 
|  92|0x0000000617000000, 0x0000000617000000, 0x0000000617400000|  0%| F|  |TAMS 0x0000000617000000, 0x0000000617000000| Untracked 
|  93|0x0000000617400000, 0x0000000617400000, 0x0000000617800000|  0%| F|  |TAMS 0x0000000617400000, 0x0000000617400000| Untracked 
|  94|0x0000000617800000, 0x0000000617800000, 0x0000000617c00000|  0%| F|  |TAMS 0x0000000617800000, 0x0000000617800000| Untracked 
|  95|0x0000000617c00000, 0x0000000617c00000, 0x0000000618000000|  0%| F|  |TAMS 0x0000000617c00000, 0x0000000617c00000| Untracked 
|  96|0x0000000618000000, 0x0000000618000000, 0x0000000618400000|  0%| F|  |TAMS 0x0000000618000000, 0x0000000618000000| Untracked 
|  97|0x0000000618400000, 0x0000000618400000, 0x0000000618800000|  0%| F|  |TAMS 0x0000000618400000, 0x0000000618400000| Untracked 
|  98|0x0000000618800000, 0x0000000618800000, 0x0000000618c00000|  0%| F|  |TAMS 0x0000000618800000, 0x0000000618800000| Untracked 
|  99|0x0000000618c00000, 0x0000000618c00000, 0x0000000619000000|  0%| F|  |TAMS 0x0000000618c00000, 0x0000000618c00000| Untracked 
| 100|0x0000000619000000, 0x0000000619000000, 0x0000000619400000|  0%| F|  |TAMS 0x0000000619000000, 0x0000000619000000| Untracked 
| 101|0x0000000619400000, 0x0000000619400000, 0x0000000619800000|  0%| F|  |TAMS 0x0000000619400000, 0x0000000619400000| Untracked 
| 102|0x0000000619800000, 0x0000000619800000, 0x0000000619c00000|  0%| F|  |TAMS 0x0000000619800000, 0x0000000619800000| Untracked 
| 103|0x0000000619c00000, 0x0000000619c00000, 0x000000061a000000|  0%| F|  |TAMS 0x0000000619c00000, 0x0000000619c00000| Untracked 
| 104|0x000000061a000000, 0x000000061a000000, 0x000000061a400000|  0%| F|  |TAMS 0x000000061a000000, 0x000000061a000000| Untracked 
| 105|0x000000061a400000, 0x000000061a400000, 0x000000061a800000|  0%| F|  |TAMS 0x000000061a400000, 0x000000061a400000| Untracked 
| 106|0x000000061a800000, 0x000000061a800000, 0x000000061ac00000|  0%| F|  |TAMS 0x000000061a800000, 0x000000061a800000| Untracked 
| 107|0x000000061ac00000, 0x000000061ac00000, 0x000000061b000000|  0%| F|  |TAMS 0x000000061ac00000, 0x000000061ac00000| Untracked 
| 108|0x000000061b000000, 0x000000061b000000, 0x000000061b400000|  0%| F|  |TAMS 0x000000061b000000, 0x000000061b000000| Untracked 
| 109|0x000000061b400000, 0x000000061b400000, 0x000000061b800000|  0%| F|  |TAMS 0x000000061b400000, 0x000000061b400000| Untracked 
| 110|0x000000061b800000, 0x000000061b800000, 0x000000061bc00000|  0%| F|  |TAMS 0x000000061b800000, 0x000000061b800000| Untracked 
| 111|0x000000061bc00000, 0x000000061bc00000, 0x000000061c000000|  0%| F|  |TAMS 0x000000061bc00000, 0x000000061bc00000| Untracked 
| 112|0x000000061c000000, 0x000000061c000000, 0x000000061c400000|  0%| F|  |TAMS 0x000000061c000000, 0x000000061c000000| Untracked 
| 113|0x000000061c400000, 0x000000061c400000, 0x000000061c800000|  0%| F|  |TAMS 0x000000061c400000, 0x000000061c400000| Untracked 
| 114|0x000000061c800000, 0x000000061c800000, 0x000000061cc00000|  0%| F|  |TAMS 0x000000061c800000, 0x000000061c800000| Untracked 
| 115|0x000000061cc00000, 0x000000061cc00000, 0x000000061d000000|  0%| F|  |TAMS 0x000000061cc00000, 0x000000061cc00000| Untracked 
| 116|0x000000061d000000, 0x000000061d000000, 0x000000061d400000|  0%| F|  |TAMS 0x000000061d000000, 0x000000061d000000| Untracked 
| 117|0x000000061d400000, 0x000000061d400000, 0x000000061d800000|  0%| F|  |TAMS 0x000000061d400000, 0x000000061d400000| Untracked 
| 118|0x000000061d800000, 0x000000061d800000, 0x000000061dc00000|  0%| F|  |TAMS 0x000000061d800000, 0x000000061d800000| Untracked 
| 119|0x000000061dc00000, 0x000000061dc00000, 0x000000061e000000|  0%| F|  |TAMS 0x000000061dc00000, 0x000000061dc00000| Untracked 
| 120|0x000000061e000000, 0x000000061e000000, 0x000000061e400000|  0%| F|  |TAMS 0x000000061e000000, 0x000000061e000000| Untracked 
| 121|0x000000061e400000, 0x000000061e400000, 0x000000061e800000|  0%| F|  |TAMS 0x000000061e400000, 0x000000061e400000| Untracked 
| 122|0x000000061e800000, 0x000000061e800000, 0x000000061ec00000|  0%| F|  |TAMS 0x000000061e800000, 0x000000061e800000| Untracked 
| 123|0x000000061ec00000, 0x000000061ec00000, 0x000000061f000000|  0%| F|  |TAMS 0x000000061ec00000, 0x000000061ec00000| Untracked 
| 124|0x000000061f000000, 0x000000061f000000, 0x000000061f400000|  0%| F|  |TAMS 0x000000061f000000, 0x000000061f000000| Untracked 
| 125|0x000000061f400000, 0x000000061f400000, 0x000000061f800000|  0%| F|  |TAMS 0x000000061f400000, 0x000000061f400000| Untracked 
| 126|0x000000061f800000, 0x000000061f800000, 0x000000061fc00000|  0%| F|  |TAMS 0x000000061f800000, 0x000000061f800000| Untracked 
| 127|0x000000061fc00000, 0x000000061fc00000, 0x0000000620000000|  0%| F|  |TAMS 0x000000061fc00000, 0x000000061fc00000| Untracked 
| 128|0x0000000620000000, 0x0000000620000000, 0x0000000620400000|  0%| F|  |TAMS 0x0000000620000000, 0x0000000620000000| Untracked 
| 129|0x0000000620400000, 0x0000000620400000, 0x0000000620800000|  0%| F|  |TAMS 0x0000000620400000, 0x0000000620400000| Untracked 
| 130|0x0000000620800000, 0x0000000620800000, 0x0000000620c00000|  0%| F|  |TAMS 0x0000000620800000, 0x0000000620800000| Untracked 
| 131|0x0000000620c00000, 0x0000000620c00000, 0x0000000621000000|  0%| F|  |TAMS 0x0000000620c00000, 0x0000000620c00000| Untracked 
| 132|0x0000000621000000, 0x0000000621000000, 0x0000000621400000|  0%| F|  |TAMS 0x0000000621000000, 0x0000000621000000| Untracked 
| 133|0x0000000621400000, 0x0000000621400000, 0x0000000621800000|  0%| F|  |TAMS 0x0000000621400000, 0x0000000621400000| Untracked 
| 134|0x0000000621800000, 0x0000000621800000, 0x0000000621c00000|  0%| F|  |TAMS 0x0000000621800000, 0x0000000621800000| Untracked 
| 135|0x0000000621c00000, 0x0000000621c00000, 0x0000000622000000|  0%| F|  |TAMS 0x0000000621c00000, 0x0000000621c00000| Untracked 
| 136|0x0000000622000000, 0x0000000622000000, 0x0000000622400000|  0%| F|  |TAMS 0x0000000622000000, 0x0000000622000000| Untracked 
| 137|0x0000000622400000, 0x0000000622400000, 0x0000000622800000|  0%| F|  |TAMS 0x0000000622400000, 0x0000000622400000| Untracked 
| 138|0x0000000622800000, 0x0000000622800000, 0x0000000622c00000|  0%| F|  |TAMS 0x0000000622800000, 0x0000000622800000| Untracked 
| 139|0x0000000622c00000, 0x0000000622c00000, 0x0000000623000000|  0%| F|  |TAMS 0x0000000622c00000, 0x0000000622c00000| Untracked 
| 140|0x0000000623000000, 0x0000000623000000, 0x0000000623400000|  0%| F|  |TAMS 0x0000000623000000, 0x0000000623000000| Untracked 
| 141|0x0000000623400000, 0x0000000623400000, 0x0000000623800000|  0%| F|  |TAMS 0x0000000623400000, 0x0000000623400000| Untracked 
| 142|0x0000000623800000, 0x0000000623800000, 0x0000000623c00000|  0%| F|  |TAMS 0x0000000623800000, 0x0000000623800000| Untracked 
| 143|0x0000000623c00000, 0x0000000623c00000, 0x0000000624000000|  0%| F|  |TAMS 0x0000000623c00000, 0x0000000623c00000| Untracked 
| 144|0x0000000624000000, 0x0000000624000000, 0x0000000624400000|  0%| F|  |TAMS 0x0000000624000000, 0x0000000624000000| Untracked 
| 145|0x0000000624400000, 0x0000000624400000, 0x0000000624800000|  0%| F|  |TAMS 0x0000000624400000, 0x0000000624400000| Untracked 
| 146|0x0000000624800000, 0x0000000624800000, 0x0000000624c00000|  0%| F|  |TAMS 0x0000000624800000, 0x0000000624800000| Untracked 
| 147|0x0000000624c00000, 0x0000000624c00000, 0x0000000625000000|  0%| F|  |TAMS 0x0000000624c00000, 0x0000000624c00000| Untracked 
| 148|0x0000000625000000, 0x0000000625000000, 0x0000000625400000|  0%| F|  |TAMS 0x0000000625000000, 0x0000000625000000| Untracked 
| 149|0x0000000625400000, 0x0000000625400000, 0x0000000625800000|  0%| F|  |TAMS 0x0000000625400000, 0x0000000625400000| Untracked 
| 150|0x0000000625800000, 0x0000000625800000, 0x0000000625c00000|  0%| F|  |TAMS 0x0000000625800000, 0x0000000625800000| Untracked 
| 151|0x0000000625c00000, 0x0000000625c00000, 0x0000000626000000|  0%| F|  |TAMS 0x0000000625c00000, 0x0000000625c00000| Untracked 
| 152|0x0000000626000000, 0x0000000626000000, 0x0000000626400000|  0%| F|  |TAMS 0x0000000626000000, 0x0000000626000000| Untracked 
| 153|0x0000000626400000, 0x0000000626400000, 0x0000000626800000|  0%| F|  |TAMS 0x0000000626400000, 0x0000000626400000| Untracked 
| 154|0x0000000626800000, 0x0000000626800000, 0x0000000626c00000|  0%| F|  |TAMS 0x0000000626800000, 0x0000000626800000| Untracked 
| 155|0x0000000626c00000, 0x0000000626c00000, 0x0000000627000000|  0%| F|  |TAMS 0x0000000626c00000, 0x0000000626c00000| Untracked 
| 156|0x0000000627000000, 0x0000000627000000, 0x0000000627400000|  0%| F|  |TAMS 0x0000000627000000, 0x0000000627000000| Untracked 
| 157|0x0000000627400000, 0x0000000627400000, 0x0000000627800000|  0%| F|  |TAMS 0x0000000627400000, 0x0000000627400000| Untracked 
| 158|0x0000000627800000, 0x0000000627800000, 0x0000000627c00000|  0%| F|  |TAMS 0x0000000627800000, 0x0000000627800000| Untracked 
| 159|0x0000000627c00000, 0x0000000627c00000, 0x0000000628000000|  0%| F|  |TAMS 0x0000000627c00000, 0x0000000627c00000| Untracked 
| 160|0x0000000628000000, 0x0000000628000000, 0x0000000628400000|  0%| F|  |TAMS 0x0000000628000000, 0x0000000628000000| Untracked 
| 161|0x0000000628400000, 0x0000000628400000, 0x0000000628800000|  0%| F|  |TAMS 0x0000000628400000, 0x0000000628400000| Untracked 
| 162|0x0000000628800000, 0x0000000628800000, 0x0000000628c00000|  0%| F|  |TAMS 0x0000000628800000, 0x0000000628800000| Untracked 
| 163|0x0000000628c00000, 0x0000000628c00000, 0x0000000629000000|  0%| F|  |TAMS 0x0000000628c00000, 0x0000000628c00000| Untracked 
| 164|0x0000000629000000, 0x0000000629000000, 0x0000000629400000|  0%| F|  |TAMS 0x0000000629000000, 0x0000000629000000| Untracked 
| 165|0x0000000629400000, 0x0000000629400000, 0x0000000629800000|  0%| F|  |TAMS 0x0000000629400000, 0x0000000629400000| Untracked 
| 166|0x0000000629800000, 0x0000000629800000, 0x0000000629c00000|  0%| F|  |TAMS 0x0000000629800000, 0x0000000629800000| Untracked 
| 167|0x0000000629c00000, 0x0000000629c00000, 0x000000062a000000|  0%| F|  |TAMS 0x0000000629c00000, 0x0000000629c00000| Untracked 
| 168|0x000000062a000000, 0x000000062a000000, 0x000000062a400000|  0%| F|  |TAMS 0x000000062a000000, 0x000000062a000000| Untracked 
| 169|0x000000062a400000, 0x000000062a400000, 0x000000062a800000|  0%| F|  |TAMS 0x000000062a400000, 0x000000062a400000| Untracked 
| 170|0x000000062a800000, 0x000000062a800000, 0x000000062ac00000|  0%| F|  |TAMS 0x000000062a800000, 0x000000062a800000| Untracked 
| 171|0x000000062ac00000, 0x000000062ac00000, 0x000000062b000000|  0%| F|  |TAMS 0x000000062ac00000, 0x000000062ac00000| Untracked 
| 172|0x000000062b000000, 0x000000062b000000, 0x000000062b400000|  0%| F|  |TAMS 0x000000062b000000, 0x000000062b000000| Untracked 
| 173|0x000000062b400000, 0x000000062b400000, 0x000000062b800000|  0%| F|  |TAMS 0x000000062b400000, 0x000000062b400000| Untracked 
| 174|0x000000062b800000, 0x000000062b800000, 0x000000062bc00000|  0%| F|  |TAMS 0x000000062b800000, 0x000000062b800000| Untracked 
| 175|0x000000062bc00000, 0x000000062bc00000, 0x000000062c000000|  0%| F|  |TAMS 0x000000062bc00000, 0x000000062bc00000| Untracked 
| 176|0x000000062c000000, 0x000000062c000000, 0x000000062c400000|  0%| F|  |TAMS 0x000000062c000000, 0x000000062c000000| Untracked 
| 177|0x000000062c400000, 0x000000062c400000, 0x000000062c800000|  0%| F|  |TAMS 0x000000062c400000, 0x000000062c400000| Untracked 
| 178|0x000000062c800000, 0x000000062c800000, 0x000000062cc00000|  0%| F|  |TAMS 0x000000062c800000, 0x000000062c800000| Untracked 
| 179|0x000000062cc00000, 0x000000062cc00000, 0x000000062d000000|  0%| F|  |TAMS 0x000000062cc00000, 0x000000062cc00000| Untracked 
| 180|0x000000062d000000, 0x000000062d000000, 0x000000062d400000|  0%| F|  |TAMS 0x000000062d000000, 0x000000062d000000| Untracked 
| 181|0x000000062d400000, 0x000000062d400000, 0x000000062d800000|  0%| F|  |TAMS 0x000000062d400000, 0x000000062d400000| Untracked 
| 182|0x000000062d800000, 0x000000062d800000, 0x000000062dc00000|  0%| F|  |TAMS 0x000000062d800000, 0x000000062d800000| Untracked 
| 183|0x000000062dc00000, 0x000000062dc00000, 0x000000062e000000|  0%| F|  |TAMS 0x000000062dc00000, 0x000000062dc00000| Untracked 
| 184|0x000000062e000000, 0x000000062e000000, 0x000000062e400000|  0%| F|  |TAMS 0x000000062e000000, 0x000000062e000000| Untracked 
| 185|0x000000062e400000, 0x000000062e400000, 0x000000062e800000|  0%| F|  |TAMS 0x000000062e400000, 0x000000062e400000| Untracked 
| 186|0x000000062e800000, 0x000000062e800000, 0x000000062ec00000|  0%| F|  |TAMS 0x000000062e800000, 0x000000062e800000| Untracked 
| 187|0x000000062ec00000, 0x000000062ec00000, 0x000000062f000000|  0%| F|  |TAMS 0x000000062ec00000, 0x000000062ec00000| Untracked 
| 188|0x000000062f000000, 0x000000062f000000, 0x000000062f400000|  0%| F|  |TAMS 0x000000062f000000, 0x000000062f000000| Untracked 
| 189|0x000000062f400000, 0x000000062f400000, 0x000000062f800000|  0%| F|  |TAMS 0x000000062f400000, 0x000000062f400000| Untracked 
| 190|0x000000062f800000, 0x000000062f800000, 0x000000062fc00000|  0%| F|  |TAMS 0x000000062f800000, 0x000000062f800000| Untracked 
| 191|0x000000062fc00000, 0x000000062fc00000, 0x0000000630000000|  0%| F|  |TAMS 0x000000062fc00000, 0x000000062fc00000| Untracked 
| 192|0x0000000630000000, 0x0000000630000000, 0x0000000630400000|  0%| F|  |TAMS 0x0000000630000000, 0x0000000630000000| Untracked 
| 193|0x0000000630400000, 0x0000000630400000, 0x0000000630800000|  0%| F|  |TAMS 0x0000000630400000, 0x0000000630400000| Untracked 
| 194|0x0000000630800000, 0x0000000630800000, 0x0000000630c00000|  0%| F|  |TAMS 0x0000000630800000, 0x0000000630800000| Untracked 
| 195|0x0000000630c00000, 0x0000000630c00000, 0x0000000631000000|  0%| F|  |TAMS 0x0000000630c00000, 0x0000000630c00000| Untracked 
| 196|0x0000000631000000, 0x0000000631000000, 0x0000000631400000|  0%| F|  |TAMS 0x0000000631000000, 0x0000000631000000| Untracked 
| 197|0x0000000631400000, 0x0000000631400000, 0x0000000631800000|  0%| F|  |TAMS 0x0000000631400000, 0x0000000631400000| Untracked 
| 198|0x0000000631800000, 0x0000000631800000, 0x0000000631c00000|  0%| F|  |TAMS 0x0000000631800000, 0x0000000631800000| Untracked 
| 199|0x0000000631c00000, 0x0000000631c00000, 0x0000000632000000|  0%| F|  |TAMS 0x0000000631c00000, 0x0000000631c00000| Untracked 
| 200|0x0000000632000000, 0x0000000632000000, 0x0000000632400000|  0%| F|  |TAMS 0x0000000632000000, 0x0000000632000000| Untracked 
| 201|0x0000000632400000, 0x0000000632400000, 0x0000000632800000|  0%| F|  |TAMS 0x0000000632400000, 0x0000000632400000| Untracked 
| 202|0x0000000632800000, 0x0000000632800000, 0x0000000632c00000|  0%| F|  |TAMS 0x0000000632800000, 0x0000000632800000| Untracked 
| 203|0x0000000632c00000, 0x0000000632c00000, 0x0000000633000000|  0%| F|  |TAMS 0x0000000632c00000, 0x0000000632c00000| Untracked 
| 204|0x0000000633000000, 0x0000000633000000, 0x0000000633400000|  0%| F|  |TAMS 0x0000000633000000, 0x0000000633000000| Untracked 
| 205|0x0000000633400000, 0x0000000633400000, 0x0000000633800000|  0%| F|  |TAMS 0x0000000633400000, 0x0000000633400000| Untracked 
| 206|0x0000000633800000, 0x0000000633800000, 0x0000000633c00000|  0%| F|  |TAMS 0x0000000633800000, 0x0000000633800000| Untracked 
| 207|0x0000000633c00000, 0x0000000633c00000, 0x0000000634000000|  0%| F|  |TAMS 0x0000000633c00000, 0x0000000633c00000| Untracked 
| 208|0x0000000634000000, 0x0000000634000000, 0x0000000634400000|  0%| F|  |TAMS 0x0000000634000000, 0x0000000634000000| Untracked 
| 209|0x0000000634400000, 0x0000000634400000, 0x0000000634800000|  0%| F|  |TAMS 0x0000000634400000, 0x0000000634400000| Untracked 
| 210|0x0000000634800000, 0x0000000634800000, 0x0000000634c00000|  0%| F|  |TAMS 0x0000000634800000, 0x0000000634800000| Untracked 
| 211|0x0000000634c00000, 0x0000000634c00000, 0x0000000635000000|  0%| F|  |TAMS 0x0000000634c00000, 0x0000000634c00000| Untracked 
| 212|0x0000000635000000, 0x0000000635000000, 0x0000000635400000|  0%| F|  |TAMS 0x0000000635000000, 0x0000000635000000| Untracked 
| 213|0x0000000635400000, 0x0000000635400000, 0x0000000635800000|  0%| F|  |TAMS 0x0000000635400000, 0x0000000635400000| Untracked 
| 214|0x0000000635800000, 0x0000000635800000, 0x0000000635c00000|  0%| F|  |TAMS 0x0000000635800000, 0x0000000635800000| Untracked 
| 215|0x0000000635c00000, 0x0000000635c00000, 0x0000000636000000|  0%| F|  |TAMS 0x0000000635c00000, 0x0000000635c00000| Untracked 
| 216|0x0000000636000000, 0x0000000636000000, 0x0000000636400000|  0%| F|  |TAMS 0x0000000636000000, 0x0000000636000000| Untracked 
| 217|0x0000000636400000, 0x0000000636400000, 0x0000000636800000|  0%| F|  |TAMS 0x0000000636400000, 0x0000000636400000| Untracked 
| 218|0x0000000636800000, 0x0000000636800000, 0x0000000636c00000|  0%| F|  |TAMS 0x0000000636800000, 0x0000000636800000| Untracked 
| 219|0x0000000636c00000, 0x0000000636c00000, 0x0000000637000000|  0%| F|  |TAMS 0x0000000636c00000, 0x0000000636c00000| Untracked 
| 220|0x0000000637000000, 0x0000000637000000, 0x0000000637400000|  0%| F|  |TAMS 0x0000000637000000, 0x0000000637000000| Untracked 
| 221|0x0000000637400000, 0x0000000637400000, 0x0000000637800000|  0%| F|  |TAMS 0x0000000637400000, 0x0000000637400000| Untracked 
| 222|0x0000000637800000, 0x0000000637800000, 0x0000000637c00000|  0%| F|  |TAMS 0x0000000637800000, 0x0000000637800000| Untracked 
| 223|0x0000000637c00000, 0x0000000637c00000, 0x0000000638000000|  0%| F|  |TAMS 0x0000000637c00000, 0x0000000637c00000| Untracked 
| 224|0x0000000638000000, 0x0000000638000000, 0x0000000638400000|  0%| F|  |TAMS 0x0000000638000000, 0x0000000638000000| Untracked 
| 225|0x0000000638400000, 0x0000000638400000, 0x0000000638800000|  0%| F|  |TAMS 0x0000000638400000, 0x0000000638400000| Untracked 
| 226|0x0000000638800000, 0x0000000638800000, 0x0000000638c00000|  0%| F|  |TAMS 0x0000000638800000, 0x0000000638800000| Untracked 
| 227|0x0000000638c00000, 0x0000000638c00000, 0x0000000639000000|  0%| F|  |TAMS 0x0000000638c00000, 0x0000000638c00000| Untracked 
| 228|0x0000000639000000, 0x0000000639000000, 0x0000000639400000|  0%| F|  |TAMS 0x0000000639000000, 0x0000000639000000| Untracked 
| 229|0x0000000639400000, 0x0000000639400000, 0x0000000639800000|  0%| F|  |TAMS 0x0000000639400000, 0x0000000639400000| Untracked 
| 230|0x0000000639800000, 0x0000000639800000, 0x0000000639c00000|  0%| F|  |TAMS 0x0000000639800000, 0x0000000639800000| Untracked 
| 231|0x0000000639c00000, 0x0000000639c00000, 0x000000063a000000|  0%| F|  |TAMS 0x0000000639c00000, 0x0000000639c00000| Untracked 
| 232|0x000000063a000000, 0x000000063a000000, 0x000000063a400000|  0%| F|  |TAMS 0x000000063a000000, 0x000000063a000000| Untracked 
| 233|0x000000063a400000, 0x000000063a400000, 0x000000063a800000|  0%| F|  |TAMS 0x000000063a400000, 0x000000063a400000| Untracked 
| 234|0x000000063a800000, 0x000000063a800000, 0x000000063ac00000|  0%| F|  |TAMS 0x000000063a800000, 0x000000063a800000| Untracked 
| 235|0x000000063ac00000, 0x000000063ac00000, 0x000000063b000000|  0%| F|  |TAMS 0x000000063ac00000, 0x000000063ac00000| Untracked 
| 236|0x000000063b000000, 0x000000063b000000, 0x000000063b400000|  0%| F|  |TAMS 0x000000063b000000, 0x000000063b000000| Untracked 
| 237|0x000000063b400000, 0x000000063b400000, 0x000000063b800000|  0%| F|  |TAMS 0x000000063b400000, 0x000000063b400000| Untracked 
| 238|0x000000063b800000, 0x000000063b800000, 0x000000063bc00000|  0%| F|  |TAMS 0x000000063b800000, 0x000000063b800000| Untracked 
| 239|0x000000063bc00000, 0x000000063bc00000, 0x000000063c000000|  0%| F|  |TAMS 0x000000063bc00000, 0x000000063bc00000| Untracked 
| 240|0x000000063c000000, 0x000000063c000000, 0x000000063c400000|  0%| F|  |TAMS 0x000000063c000000, 0x000000063c000000| Untracked 
| 241|0x000000063c400000, 0x000000063c400000, 0x000000063c800000|  0%| F|  |TAMS 0x000000063c400000, 0x000000063c400000| Untracked 
| 242|0x000000063c800000, 0x000000063c800000, 0x000000063cc00000|  0%| F|  |TAMS 0x000000063c800000, 0x000000063c800000| Untracked 
| 243|0x000000063cc00000, 0x000000063cc00000, 0x000000063d000000|  0%| F|  |TAMS 0x000000063cc00000, 0x000000063cc00000| Untracked 
| 244|0x000000063d000000, 0x000000063d000000, 0x000000063d400000|  0%| F|  |TAMS 0x000000063d000000, 0x000000063d000000| Untracked 
| 245|0x000000063d400000, 0x000000063d400000, 0x000000063d800000|  0%| F|  |TAMS 0x000000063d400000, 0x000000063d400000| Untracked 
| 246|0x000000063d800000, 0x000000063d800000, 0x000000063dc00000|  0%| F|  |TAMS 0x000000063d800000, 0x000000063d800000| Untracked 
| 247|0x000000063dc00000, 0x000000063dc00000, 0x000000063e000000|  0%| F|  |TAMS 0x000000063dc00000, 0x000000063dc00000| Untracked 
| 248|0x000000063e000000, 0x000000063e000000, 0x000000063e400000|  0%| F|  |TAMS 0x000000063e000000, 0x000000063e000000| Untracked 
| 249|0x000000063e400000, 0x000000063e400000, 0x000000063e800000|  0%| F|  |TAMS 0x000000063e400000, 0x000000063e400000| Untracked 
| 250|0x000000063e800000, 0x000000063e800000, 0x000000063ec00000|  0%| F|  |TAMS 0x000000063e800000, 0x000000063e800000| Untracked 
| 251|0x000000063ec00000, 0x000000063ec00000, 0x000000063f000000|  0%| F|  |TAMS 0x000000063ec00000, 0x000000063ec00000| Untracked 
| 252|0x000000063f000000, 0x000000063f000000, 0x000000063f400000|  0%| F|  |TAMS 0x000000063f000000, 0x000000063f000000| Untracked 
| 253|0x000000063f400000, 0x000000063f400000, 0x000000063f800000|  0%| F|  |TAMS 0x000000063f400000, 0x000000063f400000| Untracked 
| 254|0x000000063f800000, 0x000000063f800000, 0x000000063fc00000|  0%| F|  |TAMS 0x000000063f800000, 0x000000063f800000| Untracked 
| 255|0x000000063fc00000, 0x000000063fc00000, 0x0000000640000000|  0%| F|  |TAMS 0x000000063fc00000, 0x000000063fc00000| Untracked 
| 256|0x0000000640000000, 0x0000000640000000, 0x0000000640400000|  0%| F|  |TAMS 0x0000000640000000, 0x0000000640000000| Untracked 
| 257|0x0000000640400000, 0x0000000640400000, 0x0000000640800000|  0%| F|  |TAMS 0x0000000640400000, 0x0000000640400000| Untracked 
| 258|0x0000000640800000, 0x0000000640800000, 0x0000000640c00000|  0%| F|  |TAMS 0x0000000640800000, 0x0000000640800000| Untracked 
| 259|0x0000000640c00000, 0x0000000640c00000, 0x0000000641000000|  0%| F|  |TAMS 0x0000000640c00000, 0x0000000640c00000| Untracked 
| 260|0x0000000641000000, 0x0000000641000000, 0x0000000641400000|  0%| F|  |TAMS 0x0000000641000000, 0x0000000641000000| Untracked 
| 261|0x0000000641400000, 0x0000000641400000, 0x0000000641800000|  0%| F|  |TAMS 0x0000000641400000, 0x0000000641400000| Untracked 
| 262|0x0000000641800000, 0x0000000641800000, 0x0000000641c00000|  0%| F|  |TAMS 0x0000000641800000, 0x0000000641800000| Untracked 
| 263|0x0000000641c00000, 0x0000000641c00000, 0x0000000642000000|  0%| F|  |TAMS 0x0000000641c00000, 0x0000000641c00000| Untracked 
| 264|0x0000000642000000, 0x0000000642000000, 0x0000000642400000|  0%| F|  |TAMS 0x0000000642000000, 0x0000000642000000| Untracked 
| 265|0x0000000642400000, 0x0000000642400000, 0x0000000642800000|  0%| F|  |TAMS 0x0000000642400000, 0x0000000642400000| Untracked 
| 266|0x0000000642800000, 0x0000000642800000, 0x0000000642c00000|  0%| F|  |TAMS 0x0000000642800000, 0x0000000642800000| Untracked 
| 267|0x0000000642c00000, 0x0000000642c00000, 0x0000000643000000|  0%| F|  |TAMS 0x0000000642c00000, 0x0000000642c00000| Untracked 
| 268|0x0000000643000000, 0x0000000643000000, 0x0000000643400000|  0%| F|  |TAMS 0x0000000643000000, 0x0000000643000000| Untracked 
| 269|0x0000000643400000, 0x0000000643400000, 0x0000000643800000|  0%| F|  |TAMS 0x0000000643400000, 0x0000000643400000| Untracked 
| 270|0x0000000643800000, 0x0000000643800000, 0x0000000643c00000|  0%| F|  |TAMS 0x0000000643800000, 0x0000000643800000| Untracked 
| 271|0x0000000643c00000, 0x0000000643c00000, 0x0000000644000000|  0%| F|  |TAMS 0x0000000643c00000, 0x0000000643c00000| Untracked 
| 272|0x0000000644000000, 0x0000000644000000, 0x0000000644400000|  0%| F|  |TAMS 0x0000000644000000, 0x0000000644000000| Untracked 
| 273|0x0000000644400000, 0x0000000644400000, 0x0000000644800000|  0%| F|  |TAMS 0x0000000644400000, 0x0000000644400000| Untracked 
| 274|0x0000000644800000, 0x0000000644800000, 0x0000000644c00000|  0%| F|  |TAMS 0x0000000644800000, 0x0000000644800000| Untracked 
| 275|0x0000000644c00000, 0x0000000644c00000, 0x0000000645000000|  0%| F|  |TAMS 0x0000000644c00000, 0x0000000644c00000| Untracked 
| 276|0x0000000645000000, 0x0000000645000000, 0x0000000645400000|  0%| F|  |TAMS 0x0000000645000000, 0x0000000645000000| Untracked 
| 277|0x0000000645400000, 0x0000000645400000, 0x0000000645800000|  0%| F|  |TAMS 0x0000000645400000, 0x0000000645400000| Untracked 
| 278|0x0000000645800000, 0x0000000645800000, 0x0000000645c00000|  0%| F|  |TAMS 0x0000000645800000, 0x0000000645800000| Untracked 
| 279|0x0000000645c00000, 0x0000000645c00000, 0x0000000646000000|  0%| F|  |TAMS 0x0000000645c00000, 0x0000000645c00000| Untracked 
| 280|0x0000000646000000, 0x0000000646000000, 0x0000000646400000|  0%| F|  |TAMS 0x0000000646000000, 0x0000000646000000| Untracked 
| 281|0x0000000646400000, 0x0000000646400000, 0x0000000646800000|  0%| F|  |TAMS 0x0000000646400000, 0x0000000646400000| Untracked 
| 282|0x0000000646800000, 0x0000000646800000, 0x0000000646c00000|  0%| F|  |TAMS 0x0000000646800000, 0x0000000646800000| Untracked 
| 283|0x0000000646c00000, 0x0000000646c00000, 0x0000000647000000|  0%| F|  |TAMS 0x0000000646c00000, 0x0000000646c00000| Untracked 
| 284|0x0000000647000000, 0x0000000647000000, 0x0000000647400000|  0%| F|  |TAMS 0x0000000647000000, 0x0000000647000000| Untracked 
| 285|0x0000000647400000, 0x0000000647400000, 0x0000000647800000|  0%| F|  |TAMS 0x0000000647400000, 0x0000000647400000| Untracked 
| 286|0x0000000647800000, 0x0000000647800000, 0x0000000647c00000|  0%| F|  |TAMS 0x0000000647800000, 0x0000000647800000| Untracked 
| 287|0x0000000647c00000, 0x0000000647c00000, 0x0000000648000000|  0%| F|  |TAMS 0x0000000647c00000, 0x0000000647c00000| Untracked 
| 288|0x0000000648000000, 0x0000000648000000, 0x0000000648400000|  0%| F|  |TAMS 0x0000000648000000, 0x0000000648000000| Untracked 
| 289|0x0000000648400000, 0x0000000648400000, 0x0000000648800000|  0%| F|  |TAMS 0x0000000648400000, 0x0000000648400000| Untracked 
| 290|0x0000000648800000, 0x0000000648800000, 0x0000000648c00000|  0%| F|  |TAMS 0x0000000648800000, 0x0000000648800000| Untracked 
| 291|0x0000000648c00000, 0x0000000648c00000, 0x0000000649000000|  0%| F|  |TAMS 0x0000000648c00000, 0x0000000648c00000| Untracked 
| 292|0x0000000649000000, 0x0000000649000000, 0x0000000649400000|  0%| F|  |TAMS 0x0000000649000000, 0x0000000649000000| Untracked 
| 293|0x0000000649400000, 0x0000000649400000, 0x0000000649800000|  0%| F|  |TAMS 0x0000000649400000, 0x0000000649400000| Untracked 
| 294|0x0000000649800000, 0x0000000649800000, 0x0000000649c00000|  0%| F|  |TAMS 0x0000000649800000, 0x0000000649800000| Untracked 
| 295|0x0000000649c00000, 0x0000000649c00000, 0x000000064a000000|  0%| F|  |TAMS 0x0000000649c00000, 0x0000000649c00000| Untracked 
| 296|0x000000064a000000, 0x000000064a000000, 0x000000064a400000|  0%| F|  |TAMS 0x000000064a000000, 0x000000064a000000| Untracked 
| 297|0x000000064a400000, 0x000000064a400000, 0x000000064a800000|  0%| F|  |TAMS 0x000000064a400000, 0x000000064a400000| Untracked 
| 298|0x000000064a800000, 0x000000064a800000, 0x000000064ac00000|  0%| F|  |TAMS 0x000000064a800000, 0x000000064a800000| Untracked 
| 299|0x000000064ac00000, 0x000000064ac00000, 0x000000064b000000|  0%| F|  |TAMS 0x000000064ac00000, 0x000000064ac00000| Untracked 
| 300|0x000000064b000000, 0x000000064b000000, 0x000000064b400000|  0%| F|  |TAMS 0x000000064b000000, 0x000000064b000000| Untracked 
| 301|0x000000064b400000, 0x000000064b400000, 0x000000064b800000|  0%| F|  |TAMS 0x000000064b400000, 0x000000064b400000| Untracked 
| 302|0x000000064b800000, 0x000000064b800000, 0x000000064bc00000|  0%| F|  |TAMS 0x000000064b800000, 0x000000064b800000| Untracked 
| 303|0x000000064bc00000, 0x000000064bc00000, 0x000000064c000000|  0%| F|  |TAMS 0x000000064bc00000, 0x000000064bc00000| Untracked 
| 304|0x000000064c000000, 0x000000064c000000, 0x000000064c400000|  0%| F|  |TAMS 0x000000064c000000, 0x000000064c000000| Untracked 
| 305|0x000000064c400000, 0x000000064c400000, 0x000000064c800000|  0%| F|  |TAMS 0x000000064c400000, 0x000000064c400000| Untracked 
| 306|0x000000064c800000, 0x000000064c800000, 0x000000064cc00000|  0%| F|  |TAMS 0x000000064c800000, 0x000000064c800000| Untracked 
| 307|0x000000064cc00000, 0x000000064cc00000, 0x000000064d000000|  0%| F|  |TAMS 0x000000064cc00000, 0x000000064cc00000| Untracked 
| 308|0x000000064d000000, 0x000000064d000000, 0x000000064d400000|  0%| F|  |TAMS 0x000000064d000000, 0x000000064d000000| Untracked 
| 309|0x000000064d400000, 0x000000064d400000, 0x000000064d800000|  0%| F|  |TAMS 0x000000064d400000, 0x000000064d400000| Untracked 
| 310|0x000000064d800000, 0x000000064d800000, 0x000000064dc00000|  0%| F|  |TAMS 0x000000064d800000, 0x000000064d800000| Untracked 
| 311|0x000000064dc00000, 0x000000064dc00000, 0x000000064e000000|  0%| F|  |TAMS 0x000000064dc00000, 0x000000064dc00000| Untracked 
| 312|0x000000064e000000, 0x000000064e000000, 0x000000064e400000|  0%| F|  |TAMS 0x000000064e000000, 0x000000064e000000| Untracked 
| 313|0x000000064e400000, 0x000000064e400000, 0x000000064e800000|  0%| F|  |TAMS 0x000000064e400000, 0x000000064e400000| Untracked 
| 314|0x000000064e800000, 0x000000064e800000, 0x000000064ec00000|  0%| F|  |TAMS 0x000000064e800000, 0x000000064e800000| Untracked 
| 315|0x000000064ec00000, 0x000000064ec00000, 0x000000064f000000|  0%| F|  |TAMS 0x000000064ec00000, 0x000000064ec00000| Untracked 
| 316|0x000000064f000000, 0x000000064f000000, 0x000000064f400000|  0%| F|  |TAMS 0x000000064f000000, 0x000000064f000000| Untracked 
| 317|0x000000064f400000, 0x000000064f400000, 0x000000064f800000|  0%| F|  |TAMS 0x000000064f400000, 0x000000064f400000| Untracked 
| 318|0x000000064f800000, 0x000000064f800000, 0x000000064fc00000|  0%| F|  |TAMS 0x000000064f800000, 0x000000064f800000| Untracked 
| 319|0x000000064fc00000, 0x000000064fc00000, 0x0000000650000000|  0%| F|  |TAMS 0x000000064fc00000, 0x000000064fc00000| Untracked 
| 320|0x0000000650000000, 0x0000000650000000, 0x0000000650400000|  0%| F|  |TAMS 0x0000000650000000, 0x0000000650000000| Untracked 
| 321|0x0000000650400000, 0x0000000650400000, 0x0000000650800000|  0%| F|  |TAMS 0x0000000650400000, 0x0000000650400000| Untracked 
| 322|0x0000000650800000, 0x0000000650800000, 0x0000000650c00000|  0%| F|  |TAMS 0x0000000650800000, 0x0000000650800000| Untracked 
| 323|0x0000000650c00000, 0x0000000650c00000, 0x0000000651000000|  0%| F|  |TAMS 0x0000000650c00000, 0x0000000650c00000| Untracked 
| 324|0x0000000651000000, 0x0000000651000000, 0x0000000651400000|  0%| F|  |TAMS 0x0000000651000000, 0x0000000651000000| Untracked 
| 325|0x0000000651400000, 0x0000000651400000, 0x0000000651800000|  0%| F|  |TAMS 0x0000000651400000, 0x0000000651400000| Untracked 
| 326|0x0000000651800000, 0x0000000651800000, 0x0000000651c00000|  0%| F|  |TAMS 0x0000000651800000, 0x0000000651800000| Untracked 
| 327|0x0000000651c00000, 0x0000000651c00000, 0x0000000652000000|  0%| F|  |TAMS 0x0000000651c00000, 0x0000000651c00000| Untracked 
| 328|0x0000000652000000, 0x0000000652000000, 0x0000000652400000|  0%| F|  |TAMS 0x0000000652000000, 0x0000000652000000| Untracked 
| 329|0x0000000652400000, 0x0000000652400000, 0x0000000652800000|  0%| F|  |TAMS 0x0000000652400000, 0x0000000652400000| Untracked 
| 330|0x0000000652800000, 0x0000000652800000, 0x0000000652c00000|  0%| F|  |TAMS 0x0000000652800000, 0x0000000652800000| Untracked 
| 331|0x0000000652c00000, 0x0000000652c00000, 0x0000000653000000|  0%| F|  |TAMS 0x0000000652c00000, 0x0000000652c00000| Untracked 
| 332|0x0000000653000000, 0x0000000653000000, 0x0000000653400000|  0%| F|  |TAMS 0x0000000653000000, 0x0000000653000000| Untracked 
| 333|0x0000000653400000, 0x0000000653400000, 0x0000000653800000|  0%| F|  |TAMS 0x0000000653400000, 0x0000000653400000| Untracked 
| 334|0x0000000653800000, 0x0000000653800000, 0x0000000653c00000|  0%| F|  |TAMS 0x0000000653800000, 0x0000000653800000| Untracked 
| 335|0x0000000653c00000, 0x0000000653c00000, 0x0000000654000000|  0%| F|  |TAMS 0x0000000653c00000, 0x0000000653c00000| Untracked 
| 336|0x0000000654000000, 0x0000000654000000, 0x0000000654400000|  0%| F|  |TAMS 0x0000000654000000, 0x0000000654000000| Untracked 
| 337|0x0000000654400000, 0x0000000654400000, 0x0000000654800000|  0%| F|  |TAMS 0x0000000654400000, 0x0000000654400000| Untracked 
| 338|0x0000000654800000, 0x0000000654800000, 0x0000000654c00000|  0%| F|  |TAMS 0x0000000654800000, 0x0000000654800000| Untracked 
| 339|0x0000000654c00000, 0x0000000654c00000, 0x0000000655000000|  0%| F|  |TAMS 0x0000000654c00000, 0x0000000654c00000| Untracked 
| 340|0x0000000655000000, 0x0000000655000000, 0x0000000655400000|  0%| F|  |TAMS 0x0000000655000000, 0x0000000655000000| Untracked 
| 341|0x0000000655400000, 0x0000000655400000, 0x0000000655800000|  0%| F|  |TAMS 0x0000000655400000, 0x0000000655400000| Untracked 
| 342|0x0000000655800000, 0x0000000655800000, 0x0000000655c00000|  0%| F|  |TAMS 0x0000000655800000, 0x0000000655800000| Untracked 
| 343|0x0000000655c00000, 0x0000000655c00000, 0x0000000656000000|  0%| F|  |TAMS 0x0000000655c00000, 0x0000000655c00000| Untracked 
| 344|0x0000000656000000, 0x0000000656000000, 0x0000000656400000|  0%| F|  |TAMS 0x0000000656000000, 0x0000000656000000| Untracked 
| 345|0x0000000656400000, 0x0000000656400000, 0x0000000656800000|  0%| F|  |TAMS 0x0000000656400000, 0x0000000656400000| Untracked 
| 346|0x0000000656800000, 0x0000000656800000, 0x0000000656c00000|  0%| F|  |TAMS 0x0000000656800000, 0x0000000656800000| Untracked 
| 347|0x0000000656c00000, 0x0000000656c00000, 0x0000000657000000|  0%| F|  |TAMS 0x0000000656c00000, 0x0000000656c00000| Untracked 
| 348|0x0000000657000000, 0x0000000657000000, 0x0000000657400000|  0%| F|  |TAMS 0x0000000657000000, 0x0000000657000000| Untracked 
| 349|0x0000000657400000, 0x0000000657400000, 0x0000000657800000|  0%| F|  |TAMS 0x0000000657400000, 0x0000000657400000| Untracked 
| 350|0x0000000657800000, 0x0000000657800000, 0x0000000657c00000|  0%| F|  |TAMS 0x0000000657800000, 0x0000000657800000| Untracked 
| 351|0x0000000657c00000, 0x0000000657c00000, 0x0000000658000000|  0%| F|  |TAMS 0x0000000657c00000, 0x0000000657c00000| Untracked 
| 352|0x0000000658000000, 0x0000000658000000, 0x0000000658400000|  0%| F|  |TAMS 0x0000000658000000, 0x0000000658000000| Untracked 
| 353|0x0000000658400000, 0x0000000658400000, 0x0000000658800000|  0%| F|  |TAMS 0x0000000658400000, 0x0000000658400000| Untracked 
| 354|0x0000000658800000, 0x0000000658800000, 0x0000000658c00000|  0%| F|  |TAMS 0x0000000658800000, 0x0000000658800000| Untracked 
| 355|0x0000000658c00000, 0x0000000658c00000, 0x0000000659000000|  0%| F|  |TAMS 0x0000000658c00000, 0x0000000658c00000| Untracked 
| 356|0x0000000659000000, 0x0000000659000000, 0x0000000659400000|  0%| F|  |TAMS 0x0000000659000000, 0x0000000659000000| Untracked 
| 357|0x0000000659400000, 0x0000000659400000, 0x0000000659800000|  0%| F|  |TAMS 0x0000000659400000, 0x0000000659400000| Untracked 
| 358|0x0000000659800000, 0x0000000659800000, 0x0000000659c00000|  0%| F|  |TAMS 0x0000000659800000, 0x0000000659800000| Untracked 
| 359|0x0000000659c00000, 0x0000000659c00000, 0x000000065a000000|  0%| F|  |TAMS 0x0000000659c00000, 0x0000000659c00000| Untracked 
| 360|0x000000065a000000, 0x000000065a000000, 0x000000065a400000|  0%| F|  |TAMS 0x000000065a000000, 0x000000065a000000| Untracked 
| 361|0x000000065a400000, 0x000000065a400000, 0x000000065a800000|  0%| F|  |TAMS 0x000000065a400000, 0x000000065a400000| Untracked 
| 362|0x000000065a800000, 0x000000065a800000, 0x000000065ac00000|  0%| F|  |TAMS 0x000000065a800000, 0x000000065a800000| Untracked 
| 363|0x000000065ac00000, 0x000000065ac00000, 0x000000065b000000|  0%| F|  |TAMS 0x000000065ac00000, 0x000000065ac00000| Untracked 
| 364|0x000000065b000000, 0x000000065b000000, 0x000000065b400000|  0%| F|  |TAMS 0x000000065b000000, 0x000000065b000000| Untracked 
| 365|0x000000065b400000, 0x000000065b400000, 0x000000065b800000|  0%| F|  |TAMS 0x000000065b400000, 0x000000065b400000| Untracked 
| 366|0x000000065b800000, 0x000000065b800000, 0x000000065bc00000|  0%| F|  |TAMS 0x000000065b800000, 0x000000065b800000| Untracked 
| 367|0x000000065bc00000, 0x000000065bc00000, 0x000000065c000000|  0%| F|  |TAMS 0x000000065bc00000, 0x000000065bc00000| Untracked 
| 368|0x000000065c000000, 0x000000065c000000, 0x000000065c400000|  0%| F|  |TAMS 0x000000065c000000, 0x000000065c000000| Untracked 
| 369|0x000000065c400000, 0x000000065c400000, 0x000000065c800000|  0%| F|  |TAMS 0x000000065c400000, 0x000000065c400000| Untracked 
| 370|0x000000065c800000, 0x000000065c800000, 0x000000065cc00000|  0%| F|  |TAMS 0x000000065c800000, 0x000000065c800000| Untracked 
| 371|0x000000065cc00000, 0x000000065cc00000, 0x000000065d000000|  0%| F|  |TAMS 0x000000065cc00000, 0x000000065cc00000| Untracked 
| 372|0x000000065d000000, 0x000000065d000000, 0x000000065d400000|  0%| F|  |TAMS 0x000000065d000000, 0x000000065d000000| Untracked 
| 373|0x000000065d400000, 0x000000065d400000, 0x000000065d800000|  0%| F|  |TAMS 0x000000065d400000, 0x000000065d400000| Untracked 
| 374|0x000000065d800000, 0x000000065d800000, 0x000000065dc00000|  0%| F|  |TAMS 0x000000065d800000, 0x000000065d800000| Untracked 
| 375|0x000000065dc00000, 0x000000065dc00000, 0x000000065e000000|  0%| F|  |TAMS 0x000000065dc00000, 0x000000065dc00000| Untracked 
| 376|0x000000065e000000, 0x000000065e000000, 0x000000065e400000|  0%| F|  |TAMS 0x000000065e000000, 0x000000065e000000| Untracked 
| 377|0x000000065e400000, 0x000000065e400000, 0x000000065e800000|  0%| F|  |TAMS 0x000000065e400000, 0x000000065e400000| Untracked 
| 378|0x000000065e800000, 0x000000065e800000, 0x000000065ec00000|  0%| F|  |TAMS 0x000000065e800000, 0x000000065e800000| Untracked 
| 379|0x000000065ec00000, 0x000000065ec00000, 0x000000065f000000|  0%| F|  |TAMS 0x000000065ec00000, 0x000000065ec00000| Untracked 
| 380|0x000000065f000000, 0x000000065f000000, 0x000000065f400000|  0%| F|  |TAMS 0x000000065f000000, 0x000000065f000000| Untracked 
| 381|0x000000065f400000, 0x000000065f400000, 0x000000065f800000|  0%| F|  |TAMS 0x000000065f400000, 0x000000065f400000| Untracked 
| 382|0x000000065f800000, 0x000000065f800000, 0x000000065fc00000|  0%| F|  |TAMS 0x000000065f800000, 0x000000065f800000| Untracked 
| 383|0x000000065fc00000, 0x000000065fc00000, 0x0000000660000000|  0%| F|  |TAMS 0x000000065fc00000, 0x000000065fc00000| Untracked 
| 384|0x0000000660000000, 0x0000000660000000, 0x0000000660400000|  0%| F|  |TAMS 0x0000000660000000, 0x0000000660000000| Untracked 
| 385|0x0000000660400000, 0x0000000660400000, 0x0000000660800000|  0%| F|  |TAMS 0x0000000660400000, 0x0000000660400000| Untracked 
| 386|0x0000000660800000, 0x0000000660800000, 0x0000000660c00000|  0%| F|  |TAMS 0x0000000660800000, 0x0000000660800000| Untracked 
| 387|0x0000000660c00000, 0x0000000660c00000, 0x0000000661000000|  0%| F|  |TAMS 0x0000000660c00000, 0x0000000660c00000| Untracked 
| 388|0x0000000661000000, 0x0000000661000000, 0x0000000661400000|  0%| F|  |TAMS 0x0000000661000000, 0x0000000661000000| Untracked 
| 389|0x0000000661400000, 0x0000000661400000, 0x0000000661800000|  0%| F|  |TAMS 0x0000000661400000, 0x0000000661400000| Untracked 
| 390|0x0000000661800000, 0x0000000661800000, 0x0000000661c00000|  0%| F|  |TAMS 0x0000000661800000, 0x0000000661800000| Untracked 
| 391|0x0000000661c00000, 0x0000000661c00000, 0x0000000662000000|  0%| F|  |TAMS 0x0000000661c00000, 0x0000000661c00000| Untracked 
| 392|0x0000000662000000, 0x0000000662000000, 0x0000000662400000|  0%| F|  |TAMS 0x0000000662000000, 0x0000000662000000| Untracked 
| 393|0x0000000662400000, 0x0000000662400000, 0x0000000662800000|  0%| F|  |TAMS 0x0000000662400000, 0x0000000662400000| Untracked 
| 394|0x0000000662800000, 0x0000000662800000, 0x0000000662c00000|  0%| F|  |TAMS 0x0000000662800000, 0x0000000662800000| Untracked 
| 395|0x0000000662c00000, 0x0000000662c00000, 0x0000000663000000|  0%| F|  |TAMS 0x0000000662c00000, 0x0000000662c00000| Untracked 
| 396|0x0000000663000000, 0x0000000663000000, 0x0000000663400000|  0%| F|  |TAMS 0x0000000663000000, 0x0000000663000000| Untracked 
| 397|0x0000000663400000, 0x0000000663400000, 0x0000000663800000|  0%| F|  |TAMS 0x0000000663400000, 0x0000000663400000| Untracked 
| 398|0x0000000663800000, 0x0000000663800000, 0x0000000663c00000|  0%| F|  |TAMS 0x0000000663800000, 0x0000000663800000| Untracked 
| 399|0x0000000663c00000, 0x0000000663c00000, 0x0000000664000000|  0%| F|  |TAMS 0x0000000663c00000, 0x0000000663c00000| Untracked 
| 400|0x0000000664000000, 0x0000000664000000, 0x0000000664400000|  0%| F|  |TAMS 0x0000000664000000, 0x0000000664000000| Untracked 
| 401|0x0000000664400000, 0x0000000664400000, 0x0000000664800000|  0%| F|  |TAMS 0x0000000664400000, 0x0000000664400000| Untracked 
| 402|0x0000000664800000, 0x0000000664800000, 0x0000000664c00000|  0%| F|  |TAMS 0x0000000664800000, 0x0000000664800000| Untracked 
| 403|0x0000000664c00000, 0x0000000664c00000, 0x0000000665000000|  0%| F|  |TAMS 0x0000000664c00000, 0x0000000664c00000| Untracked 
| 404|0x0000000665000000, 0x0000000665000000, 0x0000000665400000|  0%| F|  |TAMS 0x0000000665000000, 0x0000000665000000| Untracked 
| 405|0x0000000665400000, 0x0000000665400000, 0x0000000665800000|  0%| F|  |TAMS 0x0000000665400000, 0x0000000665400000| Untracked 
| 406|0x0000000665800000, 0x0000000665800000, 0x0000000665c00000|  0%| F|  |TAMS 0x0000000665800000, 0x0000000665800000| Untracked 
| 407|0x0000000665c00000, 0x0000000665c00000, 0x0000000666000000|  0%| F|  |TAMS 0x0000000665c00000, 0x0000000665c00000| Untracked 
| 408|0x0000000666000000, 0x0000000666000000, 0x0000000666400000|  0%| F|  |TAMS 0x0000000666000000, 0x0000000666000000| Untracked 
| 409|0x0000000666400000, 0x0000000666400000, 0x0000000666800000|  0%| F|  |TAMS 0x0000000666400000, 0x0000000666400000| Untracked 
| 410|0x0000000666800000, 0x0000000666800000, 0x0000000666c00000|  0%| F|  |TAMS 0x0000000666800000, 0x0000000666800000| Untracked 
| 411|0x0000000666c00000, 0x0000000666c00000, 0x0000000667000000|  0%| F|  |TAMS 0x0000000666c00000, 0x0000000666c00000| Untracked 
| 412|0x0000000667000000, 0x0000000667000000, 0x0000000667400000|  0%| F|  |TAMS 0x0000000667000000, 0x0000000667000000| Untracked 
| 413|0x0000000667400000, 0x0000000667400000, 0x0000000667800000|  0%| F|  |TAMS 0x0000000667400000, 0x0000000667400000| Untracked 
| 414|0x0000000667800000, 0x0000000667800000, 0x0000000667c00000|  0%| F|  |TAMS 0x0000000667800000, 0x0000000667800000| Untracked 
| 415|0x0000000667c00000, 0x0000000667c00000, 0x0000000668000000|  0%| F|  |TAMS 0x0000000667c00000, 0x0000000667c00000| Untracked 
| 416|0x0000000668000000, 0x0000000668000000, 0x0000000668400000|  0%| F|  |TAMS 0x0000000668000000, 0x0000000668000000| Untracked 
| 417|0x0000000668400000, 0x0000000668400000, 0x0000000668800000|  0%| F|  |TAMS 0x0000000668400000, 0x0000000668400000| Untracked 
| 418|0x0000000668800000, 0x0000000668800000, 0x0000000668c00000|  0%| F|  |TAMS 0x0000000668800000, 0x0000000668800000| Untracked 
| 419|0x0000000668c00000, 0x0000000668c00000, 0x0000000669000000|  0%| F|  |TAMS 0x0000000668c00000, 0x0000000668c00000| Untracked 
| 420|0x0000000669000000, 0x0000000669000000, 0x0000000669400000|  0%| F|  |TAMS 0x0000000669000000, 0x0000000669000000| Untracked 
| 421|0x0000000669400000, 0x0000000669400000, 0x0000000669800000|  0%| F|  |TAMS 0x0000000669400000, 0x0000000669400000| Untracked 
| 422|0x0000000669800000, 0x0000000669800000, 0x0000000669c00000|  0%| F|  |TAMS 0x0000000669800000, 0x0000000669800000| Untracked 
| 423|0x0000000669c00000, 0x0000000669c00000, 0x000000066a000000|  0%| F|  |TAMS 0x0000000669c00000, 0x0000000669c00000| Untracked 
| 424|0x000000066a000000, 0x000000066a000000, 0x000000066a400000|  0%| F|  |TAMS 0x000000066a000000, 0x000000066a000000| Untracked 
| 425|0x000000066a400000, 0x000000066a400000, 0x000000066a800000|  0%| F|  |TAMS 0x000000066a400000, 0x000000066a400000| Untracked 
| 426|0x000000066a800000, 0x000000066a800000, 0x000000066ac00000|  0%| F|  |TAMS 0x000000066a800000, 0x000000066a800000| Untracked 
| 427|0x000000066ac00000, 0x000000066ac00000, 0x000000066b000000|  0%| F|  |TAMS 0x000000066ac00000, 0x000000066ac00000| Untracked 
| 428|0x000000066b000000, 0x000000066b000000, 0x000000066b400000|  0%| F|  |TAMS 0x000000066b000000, 0x000000066b000000| Untracked 
| 429|0x000000066b400000, 0x000000066b400000, 0x000000066b800000|  0%| F|  |TAMS 0x000000066b400000, 0x000000066b400000| Untracked 
| 430|0x000000066b800000, 0x000000066b800000, 0x000000066bc00000|  0%| F|  |TAMS 0x000000066b800000, 0x000000066b800000| Untracked 
| 431|0x000000066bc00000, 0x000000066bc00000, 0x000000066c000000|  0%| F|  |TAMS 0x000000066bc00000, 0x000000066bc00000| Untracked 
| 432|0x000000066c000000, 0x000000066c000000, 0x000000066c400000|  0%| F|  |TAMS 0x000000066c000000, 0x000000066c000000| Untracked 
| 433|0x000000066c400000, 0x000000066c400000, 0x000000066c800000|  0%| F|  |TAMS 0x000000066c400000, 0x000000066c400000| Untracked 
| 434|0x000000066c800000, 0x000000066c800000, 0x000000066cc00000|  0%| F|  |TAMS 0x000000066c800000, 0x000000066c800000| Untracked 
| 435|0x000000066cc00000, 0x000000066cc00000, 0x000000066d000000|  0%| F|  |TAMS 0x000000066cc00000, 0x000000066cc00000| Untracked 
| 436|0x000000066d000000, 0x000000066d000000, 0x000000066d400000|  0%| F|  |TAMS 0x000000066d000000, 0x000000066d000000| Untracked 
| 437|0x000000066d400000, 0x000000066d400000, 0x000000066d800000|  0%| F|  |TAMS 0x000000066d400000, 0x000000066d400000| Untracked 
| 438|0x000000066d800000, 0x000000066d800000, 0x000000066dc00000|  0%| F|  |TAMS 0x000000066d800000, 0x000000066d800000| Untracked 
| 439|0x000000066dc00000, 0x000000066dc00000, 0x000000066e000000|  0%| F|  |TAMS 0x000000066dc00000, 0x000000066dc00000| Untracked 
| 440|0x000000066e000000, 0x000000066e000000, 0x000000066e400000|  0%| F|  |TAMS 0x000000066e000000, 0x000000066e000000| Untracked 
| 441|0x000000066e400000, 0x000000066e400000, 0x000000066e800000|  0%| F|  |TAMS 0x000000066e400000, 0x000000066e400000| Untracked 
| 442|0x000000066e800000, 0x000000066e800000, 0x000000066ec00000|  0%| F|  |TAMS 0x000000066e800000, 0x000000066e800000| Untracked 
| 443|0x000000066ec00000, 0x000000066ec00000, 0x000000066f000000|  0%| F|  |TAMS 0x000000066ec00000, 0x000000066ec00000| Untracked 
| 444|0x000000066f000000, 0x000000066f000000, 0x000000066f400000|  0%| F|  |TAMS 0x000000066f000000, 0x000000066f000000| Untracked 
| 445|0x000000066f400000, 0x000000066f400000, 0x000000066f800000|  0%| F|  |TAMS 0x000000066f400000, 0x000000066f400000| Untracked 
| 446|0x000000066f800000, 0x000000066f800000, 0x000000066fc00000|  0%| F|  |TAMS 0x000000066f800000, 0x000000066f800000| Untracked 
| 447|0x000000066fc00000, 0x000000066fc00000, 0x0000000670000000|  0%| F|  |TAMS 0x000000066fc00000, 0x000000066fc00000| Untracked 
| 448|0x0000000670000000, 0x0000000670000000, 0x0000000670400000|  0%| F|  |TAMS 0x0000000670000000, 0x0000000670000000| Untracked 
| 449|0x0000000670400000, 0x0000000670400000, 0x0000000670800000|  0%| F|  |TAMS 0x0000000670400000, 0x0000000670400000| Untracked 
| 450|0x0000000670800000, 0x0000000670800000, 0x0000000670c00000|  0%| F|  |TAMS 0x0000000670800000, 0x0000000670800000| Untracked 
| 451|0x0000000670c00000, 0x0000000670c00000, 0x0000000671000000|  0%| F|  |TAMS 0x0000000670c00000, 0x0000000670c00000| Untracked 
| 452|0x0000000671000000, 0x0000000671000000, 0x0000000671400000|  0%| F|  |TAMS 0x0000000671000000, 0x0000000671000000| Untracked 
| 453|0x0000000671400000, 0x0000000671400000, 0x0000000671800000|  0%| F|  |TAMS 0x0000000671400000, 0x0000000671400000| Untracked 
| 454|0x0000000671800000, 0x0000000671800000, 0x0000000671c00000|  0%| F|  |TAMS 0x0000000671800000, 0x0000000671800000| Untracked 
| 455|0x0000000671c00000, 0x0000000671c00000, 0x0000000672000000|  0%| F|  |TAMS 0x0000000671c00000, 0x0000000671c00000| Untracked 
| 456|0x0000000672000000, 0x0000000672000000, 0x0000000672400000|  0%| F|  |TAMS 0x0000000672000000, 0x0000000672000000| Untracked 
| 457|0x0000000672400000, 0x0000000672400000, 0x0000000672800000|  0%| F|  |TAMS 0x0000000672400000, 0x0000000672400000| Untracked 
| 458|0x0000000672800000, 0x0000000672800000, 0x0000000672c00000|  0%| F|  |TAMS 0x0000000672800000, 0x0000000672800000| Untracked 
| 459|0x0000000672c00000, 0x0000000672c00000, 0x0000000673000000|  0%| F|  |TAMS 0x0000000672c00000, 0x0000000672c00000| Untracked 
| 460|0x0000000673000000, 0x0000000673000000, 0x0000000673400000|  0%| F|  |TAMS 0x0000000673000000, 0x0000000673000000| Untracked 
| 461|0x0000000673400000, 0x0000000673400000, 0x0000000673800000|  0%| F|  |TAMS 0x0000000673400000, 0x0000000673400000| Untracked 
| 462|0x0000000673800000, 0x0000000673800000, 0x0000000673c00000|  0%| F|  |TAMS 0x0000000673800000, 0x0000000673800000| Untracked 
| 463|0x0000000673c00000, 0x0000000673c00000, 0x0000000674000000|  0%| F|  |TAMS 0x0000000673c00000, 0x0000000673c00000| Untracked 
| 464|0x0000000674000000, 0x0000000674000000, 0x0000000674400000|  0%| F|  |TAMS 0x0000000674000000, 0x0000000674000000| Untracked 
| 465|0x0000000674400000, 0x0000000674400000, 0x0000000674800000|  0%| F|  |TAMS 0x0000000674400000, 0x0000000674400000| Untracked 
| 466|0x0000000674800000, 0x0000000674800000, 0x0000000674c00000|  0%| F|  |TAMS 0x0000000674800000, 0x0000000674800000| Untracked 
| 467|0x0000000674c00000, 0x0000000674c00000, 0x0000000675000000|  0%| F|  |TAMS 0x0000000674c00000, 0x0000000674c00000| Untracked 
| 468|0x0000000675000000, 0x0000000675000000, 0x0000000675400000|  0%| F|  |TAMS 0x0000000675000000, 0x0000000675000000| Untracked 
| 469|0x0000000675400000, 0x0000000675400000, 0x0000000675800000|  0%| F|  |TAMS 0x0000000675400000, 0x0000000675400000| Untracked 
| 470|0x0000000675800000, 0x0000000675800000, 0x0000000675c00000|  0%| F|  |TAMS 0x0000000675800000, 0x0000000675800000| Untracked 
| 471|0x0000000675c00000, 0x0000000675c00000, 0x0000000676000000|  0%| F|  |TAMS 0x0000000675c00000, 0x0000000675c00000| Untracked 
| 472|0x0000000676000000, 0x0000000676000000, 0x0000000676400000|  0%| F|  |TAMS 0x0000000676000000, 0x0000000676000000| Untracked 
| 473|0x0000000676400000, 0x0000000676400000, 0x0000000676800000|  0%| F|  |TAMS 0x0000000676400000, 0x0000000676400000| Untracked 
| 474|0x0000000676800000, 0x0000000676800000, 0x0000000676c00000|  0%| F|  |TAMS 0x0000000676800000, 0x0000000676800000| Untracked 
| 475|0x0000000676c00000, 0x0000000676c00000, 0x0000000677000000|  0%| F|  |TAMS 0x0000000676c00000, 0x0000000676c00000| Untracked 
| 476|0x0000000677000000, 0x0000000677000000, 0x0000000677400000|  0%| F|  |TAMS 0x0000000677000000, 0x0000000677000000| Untracked 
| 477|0x0000000677400000, 0x0000000677400000, 0x0000000677800000|  0%| F|  |TAMS 0x0000000677400000, 0x0000000677400000| Untracked 
| 478|0x0000000677800000, 0x0000000677800000, 0x0000000677c00000|  0%| F|  |TAMS 0x0000000677800000, 0x0000000677800000| Untracked 
| 479|0x0000000677c00000, 0x0000000677c00000, 0x0000000678000000|  0%| F|  |TAMS 0x0000000677c00000, 0x0000000677c00000| Untracked 
| 480|0x0000000678000000, 0x0000000678000000, 0x0000000678400000|  0%| F|  |TAMS 0x0000000678000000, 0x0000000678000000| Untracked 
| 481|0x0000000678400000, 0x0000000678400000, 0x0000000678800000|  0%| F|  |TAMS 0x0000000678400000, 0x0000000678400000| Untracked 
| 482|0x0000000678800000, 0x0000000678800000, 0x0000000678c00000|  0%| F|  |TAMS 0x0000000678800000, 0x0000000678800000| Untracked 
| 483|0x0000000678c00000, 0x0000000678c00000, 0x0000000679000000|  0%| F|  |TAMS 0x0000000678c00000, 0x0000000678c00000| Untracked 
| 484|0x0000000679000000, 0x0000000679000000, 0x0000000679400000|  0%| F|  |TAMS 0x0000000679000000, 0x0000000679000000| Untracked 
| 485|0x0000000679400000, 0x0000000679400000, 0x0000000679800000|  0%| F|  |TAMS 0x0000000679400000, 0x0000000679400000| Untracked 
| 486|0x0000000679800000, 0x0000000679800000, 0x0000000679c00000|  0%| F|  |TAMS 0x0000000679800000, 0x0000000679800000| Untracked 
| 487|0x0000000679c00000, 0x0000000679c00000, 0x000000067a000000|  0%| F|  |TAMS 0x0000000679c00000, 0x0000000679c00000| Untracked 
| 488|0x000000067a000000, 0x000000067a000000, 0x000000067a400000|  0%| F|  |TAMS 0x000000067a000000, 0x000000067a000000| Untracked 
| 489|0x000000067a400000, 0x000000067a400000, 0x000000067a800000|  0%| F|  |TAMS 0x000000067a400000, 0x000000067a400000| Untracked 
| 490|0x000000067a800000, 0x000000067a800000, 0x000000067ac00000|  0%| F|  |TAMS 0x000000067a800000, 0x000000067a800000| Untracked 
| 491|0x000000067ac00000, 0x000000067ac00000, 0x000000067b000000|  0%| F|  |TAMS 0x000000067ac00000, 0x000000067ac00000| Untracked 
| 492|0x000000067b000000, 0x000000067b000000, 0x000000067b400000|  0%| F|  |TAMS 0x000000067b000000, 0x000000067b000000| Untracked 
| 493|0x000000067b400000, 0x000000067b400000, 0x000000067b800000|  0%| F|  |TAMS 0x000000067b400000, 0x000000067b400000| Untracked 
| 494|0x000000067b800000, 0x000000067b800000, 0x000000067bc00000|  0%| F|  |TAMS 0x000000067b800000, 0x000000067b800000| Untracked 
| 495|0x000000067bc00000, 0x000000067bc00000, 0x000000067c000000|  0%| F|  |TAMS 0x000000067bc00000, 0x000000067bc00000| Untracked 
| 496|0x000000067c000000, 0x000000067c000000, 0x000000067c400000|  0%| F|  |TAMS 0x000000067c000000, 0x000000067c000000| Untracked 
| 497|0x000000067c400000, 0x000000067c400000, 0x000000067c800000|  0%| F|  |TAMS 0x000000067c400000, 0x000000067c400000| Untracked 
| 498|0x000000067c800000, 0x000000067c800000, 0x000000067cc00000|  0%| F|  |TAMS 0x000000067c800000, 0x000000067c800000| Untracked 
| 499|0x000000067cc00000, 0x000000067cc00000, 0x000000067d000000|  0%| F|  |TAMS 0x000000067cc00000, 0x000000067cc00000| Untracked 
| 500|0x000000067d000000, 0x000000067d000000, 0x000000067d400000|  0%| F|  |TAMS 0x000000067d000000, 0x000000067d000000| Untracked 
| 501|0x000000067d400000, 0x000000067d400000, 0x000000067d800000|  0%| F|  |TAMS 0x000000067d400000, 0x000000067d400000| Untracked 
| 502|0x000000067d800000, 0x000000067d800000, 0x000000067dc00000|  0%| F|  |TAMS 0x000000067d800000, 0x000000067d800000| Untracked 
| 503|0x000000067dc00000, 0x000000067dc00000, 0x000000067e000000|  0%| F|  |TAMS 0x000000067dc00000, 0x000000067dc00000| Untracked 
| 504|0x000000067e000000, 0x000000067e000000, 0x000000067e400000|  0%| F|  |TAMS 0x000000067e000000, 0x000000067e000000| Untracked 
| 505|0x000000067e400000, 0x000000067e400000, 0x000000067e800000|  0%| F|  |TAMS 0x000000067e400000, 0x000000067e400000| Untracked 
| 506|0x000000067e800000, 0x000000067e800000, 0x000000067ec00000|  0%| F|  |TAMS 0x000000067e800000, 0x000000067e800000| Untracked 
| 507|0x000000067ec00000, 0x000000067ec00000, 0x000000067f000000|  0%| F|  |TAMS 0x000000067ec00000, 0x000000067ec00000| Untracked 
| 508|0x000000067f000000, 0x000000067f000000, 0x000000067f400000|  0%| F|  |TAMS 0x000000067f000000, 0x000000067f000000| Untracked 
| 509|0x000000067f400000, 0x000000067f400000, 0x000000067f800000|  0%| F|  |TAMS 0x000000067f400000, 0x000000067f400000| Untracked 
| 510|0x000000067f800000, 0x000000067f800000, 0x000000067fc00000|  0%| F|  |TAMS 0x000000067f800000, 0x000000067f800000| Untracked 
| 511|0x000000067fc00000, 0x000000067fc00000, 0x0000000680000000|  0%| F|  |TAMS 0x000000067fc00000, 0x000000067fc00000| Untracked 
| 512|0x0000000680000000, 0x0000000680000000, 0x0000000680400000|  0%| F|  |TAMS 0x0000000680000000, 0x0000000680000000| Untracked 
| 513|0x0000000680400000, 0x0000000680400000, 0x0000000680800000|  0%| F|  |TAMS 0x0000000680400000, 0x0000000680400000| Untracked 
| 514|0x0000000680800000, 0x0000000680800000, 0x0000000680c00000|  0%| F|  |TAMS 0x0000000680800000, 0x0000000680800000| Untracked 
| 515|0x0000000680c00000, 0x0000000680c00000, 0x0000000681000000|  0%| F|  |TAMS 0x0000000680c00000, 0x0000000680c00000| Untracked 
| 516|0x0000000681000000, 0x0000000681000000, 0x0000000681400000|  0%| F|  |TAMS 0x0000000681000000, 0x0000000681000000| Untracked 
| 517|0x0000000681400000, 0x0000000681400000, 0x0000000681800000|  0%| F|  |TAMS 0x0000000681400000, 0x0000000681400000| Untracked 
| 518|0x0000000681800000, 0x0000000681800000, 0x0000000681c00000|  0%| F|  |TAMS 0x0000000681800000, 0x0000000681800000| Untracked 
| 519|0x0000000681c00000, 0x0000000681c00000, 0x0000000682000000|  0%| F|  |TAMS 0x0000000681c00000, 0x0000000681c00000| Untracked 
| 520|0x0000000682000000, 0x0000000682000000, 0x0000000682400000|  0%| F|  |TAMS 0x0000000682000000, 0x0000000682000000| Untracked 
| 521|0x0000000682400000, 0x0000000682400000, 0x0000000682800000|  0%| F|  |TAMS 0x0000000682400000, 0x0000000682400000| Untracked 
| 522|0x0000000682800000, 0x0000000682800000, 0x0000000682c00000|  0%| F|  |TAMS 0x0000000682800000, 0x0000000682800000| Untracked 
| 523|0x0000000682c00000, 0x0000000682c00000, 0x0000000683000000|  0%| F|  |TAMS 0x0000000682c00000, 0x0000000682c00000| Untracked 
| 524|0x0000000683000000, 0x0000000683000000, 0x0000000683400000|  0%| F|  |TAMS 0x0000000683000000, 0x0000000683000000| Untracked 
| 525|0x0000000683400000, 0x0000000683400000, 0x0000000683800000|  0%| F|  |TAMS 0x0000000683400000, 0x0000000683400000| Untracked 
| 526|0x0000000683800000, 0x0000000683800000, 0x0000000683c00000|  0%| F|  |TAMS 0x0000000683800000, 0x0000000683800000| Untracked 
| 527|0x0000000683c00000, 0x0000000683c00000, 0x0000000684000000|  0%| F|  |TAMS 0x0000000683c00000, 0x0000000683c00000| Untracked 
| 528|0x0000000684000000, 0x0000000684000000, 0x0000000684400000|  0%| F|  |TAMS 0x0000000684000000, 0x0000000684000000| Untracked 
| 529|0x0000000684400000, 0x0000000684400000, 0x0000000684800000|  0%| F|  |TAMS 0x0000000684400000, 0x0000000684400000| Untracked 
| 530|0x0000000684800000, 0x0000000684800000, 0x0000000684c00000|  0%| F|  |TAMS 0x0000000684800000, 0x0000000684800000| Untracked 
| 531|0x0000000684c00000, 0x0000000684c00000, 0x0000000685000000|  0%| F|  |TAMS 0x0000000684c00000, 0x0000000684c00000| Untracked 
| 532|0x0000000685000000, 0x0000000685000000, 0x0000000685400000|  0%| F|  |TAMS 0x0000000685000000, 0x0000000685000000| Untracked 
| 533|0x0000000685400000, 0x0000000685400000, 0x0000000685800000|  0%| F|  |TAMS 0x0000000685400000, 0x0000000685400000| Untracked 
| 534|0x0000000685800000, 0x0000000685800000, 0x0000000685c00000|  0%| F|  |TAMS 0x0000000685800000, 0x0000000685800000| Untracked 
| 535|0x0000000685c00000, 0x0000000685c00000, 0x0000000686000000|  0%| F|  |TAMS 0x0000000685c00000, 0x0000000685c00000| Untracked 
| 536|0x0000000686000000, 0x0000000686000000, 0x0000000686400000|  0%| F|  |TAMS 0x0000000686000000, 0x0000000686000000| Untracked 
| 537|0x0000000686400000, 0x0000000686400000, 0x0000000686800000|  0%| F|  |TAMS 0x0000000686400000, 0x0000000686400000| Untracked 
| 538|0x0000000686800000, 0x0000000686800000, 0x0000000686c00000|  0%| F|  |TAMS 0x0000000686800000, 0x0000000686800000| Untracked 
| 539|0x0000000686c00000, 0x0000000686c00000, 0x0000000687000000|  0%| F|  |TAMS 0x0000000686c00000, 0x0000000686c00000| Untracked 
| 540|0x0000000687000000, 0x0000000687000000, 0x0000000687400000|  0%| F|  |TAMS 0x0000000687000000, 0x0000000687000000| Untracked 
| 541|0x0000000687400000, 0x0000000687400000, 0x0000000687800000|  0%| F|  |TAMS 0x0000000687400000, 0x0000000687400000| Untracked 
| 542|0x0000000687800000, 0x0000000687800000, 0x0000000687c00000|  0%| F|  |TAMS 0x0000000687800000, 0x0000000687800000| Untracked 
| 543|0x0000000687c00000, 0x0000000687c00000, 0x0000000688000000|  0%| F|  |TAMS 0x0000000687c00000, 0x0000000687c00000| Untracked 
| 544|0x0000000688000000, 0x0000000688000000, 0x0000000688400000|  0%| F|  |TAMS 0x0000000688000000, 0x0000000688000000| Untracked 
| 545|0x0000000688400000, 0x0000000688400000, 0x0000000688800000|  0%| F|  |TAMS 0x0000000688400000, 0x0000000688400000| Untracked 
| 546|0x0000000688800000, 0x0000000688800000, 0x0000000688c00000|  0%| F|  |TAMS 0x0000000688800000, 0x0000000688800000| Untracked 
| 547|0x0000000688c00000, 0x0000000688c00000, 0x0000000689000000|  0%| F|  |TAMS 0x0000000688c00000, 0x0000000688c00000| Untracked 
| 548|0x0000000689000000, 0x0000000689000000, 0x0000000689400000|  0%| F|  |TAMS 0x0000000689000000, 0x0000000689000000| Untracked 
| 549|0x0000000689400000, 0x0000000689400000, 0x0000000689800000|  0%| F|  |TAMS 0x0000000689400000, 0x0000000689400000| Untracked 
| 550|0x0000000689800000, 0x0000000689800000, 0x0000000689c00000|  0%| F|  |TAMS 0x0000000689800000, 0x0000000689800000| Untracked 
| 551|0x0000000689c00000, 0x0000000689c00000, 0x000000068a000000|  0%| F|  |TAMS 0x0000000689c00000, 0x0000000689c00000| Untracked 
| 552|0x000000068a000000, 0x000000068a000000, 0x000000068a400000|  0%| F|  |TAMS 0x000000068a000000, 0x000000068a000000| Untracked 
| 553|0x000000068a400000, 0x000000068a400000, 0x000000068a800000|  0%| F|  |TAMS 0x000000068a400000, 0x000000068a400000| Untracked 
| 554|0x000000068a800000, 0x000000068a800000, 0x000000068ac00000|  0%| F|  |TAMS 0x000000068a800000, 0x000000068a800000| Untracked 
| 555|0x000000068ac00000, 0x000000068ac00000, 0x000000068b000000|  0%| F|  |TAMS 0x000000068ac00000, 0x000000068ac00000| Untracked 
| 556|0x000000068b000000, 0x000000068b000000, 0x000000068b400000|  0%| F|  |TAMS 0x000000068b000000, 0x000000068b000000| Untracked 
| 557|0x000000068b400000, 0x000000068b400000, 0x000000068b800000|  0%| F|  |TAMS 0x000000068b400000, 0x000000068b400000| Untracked 
| 558|0x000000068b800000, 0x000000068b800000, 0x000000068bc00000|  0%| F|  |TAMS 0x000000068b800000, 0x000000068b800000| Untracked 
| 559|0x000000068bc00000, 0x000000068bc00000, 0x000000068c000000|  0%| F|  |TAMS 0x000000068bc00000, 0x000000068bc00000| Untracked 
| 560|0x000000068c000000, 0x000000068c000000, 0x000000068c400000|  0%| F|  |TAMS 0x000000068c000000, 0x000000068c000000| Untracked 
| 561|0x000000068c400000, 0x000000068c400000, 0x000000068c800000|  0%| F|  |TAMS 0x000000068c400000, 0x000000068c400000| Untracked 
| 562|0x000000068c800000, 0x000000068c800000, 0x000000068cc00000|  0%| F|  |TAMS 0x000000068c800000, 0x000000068c800000| Untracked 
| 563|0x000000068cc00000, 0x000000068cc00000, 0x000000068d000000|  0%| F|  |TAMS 0x000000068cc00000, 0x000000068cc00000| Untracked 
| 564|0x000000068d000000, 0x000000068d000000, 0x000000068d400000|  0%| F|  |TAMS 0x000000068d000000, 0x000000068d000000| Untracked 
| 565|0x000000068d400000, 0x000000068d400000, 0x000000068d800000|  0%| F|  |TAMS 0x000000068d400000, 0x000000068d400000| Untracked 
| 566|0x000000068d800000, 0x000000068d800000, 0x000000068dc00000|  0%| F|  |TAMS 0x000000068d800000, 0x000000068d800000| Untracked 
| 567|0x000000068dc00000, 0x000000068dc00000, 0x000000068e000000|  0%| F|  |TAMS 0x000000068dc00000, 0x000000068dc00000| Untracked 
| 568|0x000000068e000000, 0x000000068e000000, 0x000000068e400000|  0%| F|  |TAMS 0x000000068e000000, 0x000000068e000000| Untracked 
| 569|0x000000068e400000, 0x000000068e400000, 0x000000068e800000|  0%| F|  |TAMS 0x000000068e400000, 0x000000068e400000| Untracked 
| 570|0x000000068e800000, 0x000000068e800000, 0x000000068ec00000|  0%| F|  |TAMS 0x000000068e800000, 0x000000068e800000| Untracked 
| 571|0x000000068ec00000, 0x000000068ec00000, 0x000000068f000000|  0%| F|  |TAMS 0x000000068ec00000, 0x000000068ec00000| Untracked 
| 572|0x000000068f000000, 0x000000068f000000, 0x000000068f400000|  0%| F|  |TAMS 0x000000068f000000, 0x000000068f000000| Untracked 
| 573|0x000000068f400000, 0x000000068f400000, 0x000000068f800000|  0%| F|  |TAMS 0x000000068f400000, 0x000000068f400000| Untracked 
| 574|0x000000068f800000, 0x000000068f800000, 0x000000068fc00000|  0%| F|  |TAMS 0x000000068f800000, 0x000000068f800000| Untracked 
| 575|0x000000068fc00000, 0x000000068fc00000, 0x0000000690000000|  0%| F|  |TAMS 0x000000068fc00000, 0x000000068fc00000| Untracked 
| 576|0x0000000690000000, 0x0000000690000000, 0x0000000690400000|  0%| F|  |TAMS 0x0000000690000000, 0x0000000690000000| Untracked 
| 577|0x0000000690400000, 0x0000000690400000, 0x0000000690800000|  0%| F|  |TAMS 0x0000000690400000, 0x0000000690400000| Untracked 
| 578|0x0000000690800000, 0x0000000690800000, 0x0000000690c00000|  0%| F|  |TAMS 0x0000000690800000, 0x0000000690800000| Untracked 
| 579|0x0000000690c00000, 0x0000000690c00000, 0x0000000691000000|  0%| F|  |TAMS 0x0000000690c00000, 0x0000000690c00000| Untracked 
| 580|0x0000000691000000, 0x0000000691000000, 0x0000000691400000|  0%| F|  |TAMS 0x0000000691000000, 0x0000000691000000| Untracked 
| 581|0x0000000691400000, 0x0000000691400000, 0x0000000691800000|  0%| F|  |TAMS 0x0000000691400000, 0x0000000691400000| Untracked 
| 582|0x0000000691800000, 0x0000000691800000, 0x0000000691c00000|  0%| F|  |TAMS 0x0000000691800000, 0x0000000691800000| Untracked 
| 583|0x0000000691c00000, 0x0000000691c00000, 0x0000000692000000|  0%| F|  |TAMS 0x0000000691c00000, 0x0000000691c00000| Untracked 
| 584|0x0000000692000000, 0x0000000692000000, 0x0000000692400000|  0%| F|  |TAMS 0x0000000692000000, 0x0000000692000000| Untracked 
| 585|0x0000000692400000, 0x0000000692400000, 0x0000000692800000|  0%| F|  |TAMS 0x0000000692400000, 0x0000000692400000| Untracked 
| 586|0x0000000692800000, 0x0000000692800000, 0x0000000692c00000|  0%| F|  |TAMS 0x0000000692800000, 0x0000000692800000| Untracked 
| 587|0x0000000692c00000, 0x0000000692c00000, 0x0000000693000000|  0%| F|  |TAMS 0x0000000692c00000, 0x0000000692c00000| Untracked 
| 588|0x0000000693000000, 0x0000000693000000, 0x0000000693400000|  0%| F|  |TAMS 0x0000000693000000, 0x0000000693000000| Untracked 
| 589|0x0000000693400000, 0x0000000693400000, 0x0000000693800000|  0%| F|  |TAMS 0x0000000693400000, 0x0000000693400000| Untracked 
| 590|0x0000000693800000, 0x0000000693800000, 0x0000000693c00000|  0%| F|  |TAMS 0x0000000693800000, 0x0000000693800000| Untracked 
| 591|0x0000000693c00000, 0x0000000693c00000, 0x0000000694000000|  0%| F|  |TAMS 0x0000000693c00000, 0x0000000693c00000| Untracked 
| 592|0x0000000694000000, 0x0000000694000000, 0x0000000694400000|  0%| F|  |TAMS 0x0000000694000000, 0x0000000694000000| Untracked 
| 593|0x0000000694400000, 0x0000000694400000, 0x0000000694800000|  0%| F|  |TAMS 0x0000000694400000, 0x0000000694400000| Untracked 
| 594|0x0000000694800000, 0x0000000694800000, 0x0000000694c00000|  0%| F|  |TAMS 0x0000000694800000, 0x0000000694800000| Untracked 
| 595|0x0000000694c00000, 0x0000000694c00000, 0x0000000695000000|  0%| F|  |TAMS 0x0000000694c00000, 0x0000000694c00000| Untracked 
| 596|0x0000000695000000, 0x0000000695000000, 0x0000000695400000|  0%| F|  |TAMS 0x0000000695000000, 0x0000000695000000| Untracked 
| 597|0x0000000695400000, 0x0000000695400000, 0x0000000695800000|  0%| F|  |TAMS 0x0000000695400000, 0x0000000695400000| Untracked 
| 598|0x0000000695800000, 0x0000000695800000, 0x0000000695c00000|  0%| F|  |TAMS 0x0000000695800000, 0x0000000695800000| Untracked 
| 599|0x0000000695c00000, 0x0000000695c00000, 0x0000000696000000|  0%| F|  |TAMS 0x0000000695c00000, 0x0000000695c00000| Untracked 
| 600|0x0000000696000000, 0x0000000696000000, 0x0000000696400000|  0%| F|  |TAMS 0x0000000696000000, 0x0000000696000000| Untracked 
| 601|0x0000000696400000, 0x0000000696400000, 0x0000000696800000|  0%| F|  |TAMS 0x0000000696400000, 0x0000000696400000| Untracked 
| 602|0x0000000696800000, 0x0000000696800000, 0x0000000696c00000|  0%| F|  |TAMS 0x0000000696800000, 0x0000000696800000| Untracked 
| 603|0x0000000696c00000, 0x0000000696c00000, 0x0000000697000000|  0%| F|  |TAMS 0x0000000696c00000, 0x0000000696c00000| Untracked 
| 604|0x0000000697000000, 0x0000000697000000, 0x0000000697400000|  0%| F|  |TAMS 0x0000000697000000, 0x0000000697000000| Untracked 
| 605|0x0000000697400000, 0x0000000697400000, 0x0000000697800000|  0%| F|  |TAMS 0x0000000697400000, 0x0000000697400000| Untracked 
| 606|0x0000000697800000, 0x0000000697800000, 0x0000000697c00000|  0%| F|  |TAMS 0x0000000697800000, 0x0000000697800000| Untracked 
| 607|0x0000000697c00000, 0x0000000697c00000, 0x0000000698000000|  0%| F|  |TAMS 0x0000000697c00000, 0x0000000697c00000| Untracked 
| 608|0x0000000698000000, 0x0000000698000000, 0x0000000698400000|  0%| F|  |TAMS 0x0000000698000000, 0x0000000698000000| Untracked 
| 609|0x0000000698400000, 0x0000000698400000, 0x0000000698800000|  0%| F|  |TAMS 0x0000000698400000, 0x0000000698400000| Untracked 
| 610|0x0000000698800000, 0x0000000698800000, 0x0000000698c00000|  0%| F|  |TAMS 0x0000000698800000, 0x0000000698800000| Untracked 
| 611|0x0000000698c00000, 0x0000000698c00000, 0x0000000699000000|  0%| F|  |TAMS 0x0000000698c00000, 0x0000000698c00000| Untracked 
| 612|0x0000000699000000, 0x0000000699000000, 0x0000000699400000|  0%| F|  |TAMS 0x0000000699000000, 0x0000000699000000| Untracked 
| 613|0x0000000699400000, 0x0000000699400000, 0x0000000699800000|  0%| F|  |TAMS 0x0000000699400000, 0x0000000699400000| Untracked 
| 614|0x0000000699800000, 0x0000000699800000, 0x0000000699c00000|  0%| F|  |TAMS 0x0000000699800000, 0x0000000699800000| Untracked 
| 615|0x0000000699c00000, 0x0000000699c00000, 0x000000069a000000|  0%| F|  |TAMS 0x0000000699c00000, 0x0000000699c00000| Untracked 
| 616|0x000000069a000000, 0x000000069a000000, 0x000000069a400000|  0%| F|  |TAMS 0x000000069a000000, 0x000000069a000000| Untracked 
| 617|0x000000069a400000, 0x000000069a400000, 0x000000069a800000|  0%| F|  |TAMS 0x000000069a400000, 0x000000069a400000| Untracked 
| 618|0x000000069a800000, 0x000000069a800000, 0x000000069ac00000|  0%| F|  |TAMS 0x000000069a800000, 0x000000069a800000| Untracked 
| 619|0x000000069ac00000, 0x000000069ac00000, 0x000000069b000000|  0%| F|  |TAMS 0x000000069ac00000, 0x000000069ac00000| Untracked 
| 620|0x000000069b000000, 0x000000069b000000, 0x000000069b400000|  0%| F|  |TAMS 0x000000069b000000, 0x000000069b000000| Untracked 
| 621|0x000000069b400000, 0x000000069b400000, 0x000000069b800000|  0%| F|  |TAMS 0x000000069b400000, 0x000000069b400000| Untracked 
| 622|0x000000069b800000, 0x000000069b800000, 0x000000069bc00000|  0%| F|  |TAMS 0x000000069b800000, 0x000000069b800000| Untracked 
| 623|0x000000069bc00000, 0x000000069bc00000, 0x000000069c000000|  0%| F|  |TAMS 0x000000069bc00000, 0x000000069bc00000| Untracked 
| 624|0x000000069c000000, 0x000000069c000000, 0x000000069c400000|  0%| F|  |TAMS 0x000000069c000000, 0x000000069c000000| Untracked 
| 625|0x000000069c400000, 0x000000069c400000, 0x000000069c800000|  0%| F|  |TAMS 0x000000069c400000, 0x000000069c400000| Untracked 
| 626|0x000000069c800000, 0x000000069c800000, 0x000000069cc00000|  0%| F|  |TAMS 0x000000069c800000, 0x000000069c800000| Untracked 
| 627|0x000000069cc00000, 0x000000069cc00000, 0x000000069d000000|  0%| F|  |TAMS 0x000000069cc00000, 0x000000069cc00000| Untracked 
| 628|0x000000069d000000, 0x000000069d000000, 0x000000069d400000|  0%| F|  |TAMS 0x000000069d000000, 0x000000069d000000| Untracked 
| 629|0x000000069d400000, 0x000000069d400000, 0x000000069d800000|  0%| F|  |TAMS 0x000000069d400000, 0x000000069d400000| Untracked 
| 630|0x000000069d800000, 0x000000069d800000, 0x000000069dc00000|  0%| F|  |TAMS 0x000000069d800000, 0x000000069d800000| Untracked 
| 631|0x000000069dc00000, 0x000000069dc00000, 0x000000069e000000|  0%| F|  |TAMS 0x000000069dc00000, 0x000000069dc00000| Untracked 
| 632|0x000000069e000000, 0x000000069e000000, 0x000000069e400000|  0%| F|  |TAMS 0x000000069e000000, 0x000000069e000000| Untracked 
| 633|0x000000069e400000, 0x000000069e400000, 0x000000069e800000|  0%| F|  |TAMS 0x000000069e400000, 0x000000069e400000| Untracked 
| 634|0x000000069e800000, 0x000000069e800000, 0x000000069ec00000|  0%| F|  |TAMS 0x000000069e800000, 0x000000069e800000| Untracked 
| 635|0x000000069ec00000, 0x000000069ec00000, 0x000000069f000000|  0%| F|  |TAMS 0x000000069ec00000, 0x000000069ec00000| Untracked 
| 636|0x000000069f000000, 0x000000069f000000, 0x000000069f400000|  0%| F|  |TAMS 0x000000069f000000, 0x000000069f000000| Untracked 
| 637|0x000000069f400000, 0x000000069f400000, 0x000000069f800000|  0%| F|  |TAMS 0x000000069f400000, 0x000000069f400000| Untracked 
| 638|0x000000069f800000, 0x000000069f800000, 0x000000069fc00000|  0%| F|  |TAMS 0x000000069f800000, 0x000000069f800000| Untracked 
| 639|0x000000069fc00000, 0x000000069fc00000, 0x00000006a0000000|  0%| F|  |TAMS 0x000000069fc00000, 0x000000069fc00000| Untracked 
| 640|0x00000006a0000000, 0x00000006a0000000, 0x00000006a0400000|  0%| F|  |TAMS 0x00000006a0000000, 0x00000006a0000000| Untracked 
| 641|0x00000006a0400000, 0x00000006a0400000, 0x00000006a0800000|  0%| F|  |TAMS 0x00000006a0400000, 0x00000006a0400000| Untracked 
| 642|0x00000006a0800000, 0x00000006a0800000, 0x00000006a0c00000|  0%| F|  |TAMS 0x00000006a0800000, 0x00000006a0800000| Untracked 
| 643|0x00000006a0c00000, 0x00000006a0c00000, 0x00000006a1000000|  0%| F|  |TAMS 0x00000006a0c00000, 0x00000006a0c00000| Untracked 
| 644|0x00000006a1000000, 0x00000006a1000000, 0x00000006a1400000|  0%| F|  |TAMS 0x00000006a1000000, 0x00000006a1000000| Untracked 
| 645|0x00000006a1400000, 0x00000006a1400000, 0x00000006a1800000|  0%| F|  |TAMS 0x00000006a1400000, 0x00000006a1400000| Untracked 
| 646|0x00000006a1800000, 0x00000006a1800000, 0x00000006a1c00000|  0%| F|  |TAMS 0x00000006a1800000, 0x00000006a1800000| Untracked 
| 647|0x00000006a1c00000, 0x00000006a1c00000, 0x00000006a2000000|  0%| F|  |TAMS 0x00000006a1c00000, 0x00000006a1c00000| Untracked 
| 648|0x00000006a2000000, 0x00000006a2000000, 0x00000006a2400000|  0%| F|  |TAMS 0x00000006a2000000, 0x00000006a2000000| Untracked 
| 649|0x00000006a2400000, 0x00000006a2400000, 0x00000006a2800000|  0%| F|  |TAMS 0x00000006a2400000, 0x00000006a2400000| Untracked 
| 650|0x00000006a2800000, 0x00000006a2800000, 0x00000006a2c00000|  0%| F|  |TAMS 0x00000006a2800000, 0x00000006a2800000| Untracked 
| 651|0x00000006a2c00000, 0x00000006a2c00000, 0x00000006a3000000|  0%| F|  |TAMS 0x00000006a2c00000, 0x00000006a2c00000| Untracked 
| 652|0x00000006a3000000, 0x00000006a3000000, 0x00000006a3400000|  0%| F|  |TAMS 0x00000006a3000000, 0x00000006a3000000| Untracked 
| 653|0x00000006a3400000, 0x00000006a3400000, 0x00000006a3800000|  0%| F|  |TAMS 0x00000006a3400000, 0x00000006a3400000| Untracked 
| 654|0x00000006a3800000, 0x00000006a3800000, 0x00000006a3c00000|  0%| F|  |TAMS 0x00000006a3800000, 0x00000006a3800000| Untracked 
| 655|0x00000006a3c00000, 0x00000006a3c00000, 0x00000006a4000000|  0%| F|  |TAMS 0x00000006a3c00000, 0x00000006a3c00000| Untracked 
| 656|0x00000006a4000000, 0x00000006a4000000, 0x00000006a4400000|  0%| F|  |TAMS 0x00000006a4000000, 0x00000006a4000000| Untracked 
| 657|0x00000006a4400000, 0x00000006a4400000, 0x00000006a4800000|  0%| F|  |TAMS 0x00000006a4400000, 0x00000006a4400000| Untracked 
| 658|0x00000006a4800000, 0x00000006a4800000, 0x00000006a4c00000|  0%| F|  |TAMS 0x00000006a4800000, 0x00000006a4800000| Untracked 
| 659|0x00000006a4c00000, 0x00000006a4c00000, 0x00000006a5000000|  0%| F|  |TAMS 0x00000006a4c00000, 0x00000006a4c00000| Untracked 
| 660|0x00000006a5000000, 0x00000006a5000000, 0x00000006a5400000|  0%| F|  |TAMS 0x00000006a5000000, 0x00000006a5000000| Untracked 
| 661|0x00000006a5400000, 0x00000006a5400000, 0x00000006a5800000|  0%| F|  |TAMS 0x00000006a5400000, 0x00000006a5400000| Untracked 
| 662|0x00000006a5800000, 0x00000006a5800000, 0x00000006a5c00000|  0%| F|  |TAMS 0x00000006a5800000, 0x00000006a5800000| Untracked 
| 663|0x00000006a5c00000, 0x00000006a5c00000, 0x00000006a6000000|  0%| F|  |TAMS 0x00000006a5c00000, 0x00000006a5c00000| Untracked 
| 664|0x00000006a6000000, 0x00000006a6000000, 0x00000006a6400000|  0%| F|  |TAMS 0x00000006a6000000, 0x00000006a6000000| Untracked 
| 665|0x00000006a6400000, 0x00000006a6400000, 0x00000006a6800000|  0%| F|  |TAMS 0x00000006a6400000, 0x00000006a6400000| Untracked 
| 666|0x00000006a6800000, 0x00000006a6800000, 0x00000006a6c00000|  0%| F|  |TAMS 0x00000006a6800000, 0x00000006a6800000| Untracked 
| 667|0x00000006a6c00000, 0x00000006a6c00000, 0x00000006a7000000|  0%| F|  |TAMS 0x00000006a6c00000, 0x00000006a6c00000| Untracked 
| 668|0x00000006a7000000, 0x00000006a7000000, 0x00000006a7400000|  0%| F|  |TAMS 0x00000006a7000000, 0x00000006a7000000| Untracked 
| 669|0x00000006a7400000, 0x00000006a7400000, 0x00000006a7800000|  0%| F|  |TAMS 0x00000006a7400000, 0x00000006a7400000| Untracked 
| 670|0x00000006a7800000, 0x00000006a7800000, 0x00000006a7c00000|  0%| F|  |TAMS 0x00000006a7800000, 0x00000006a7800000| Untracked 
| 671|0x00000006a7c00000, 0x00000006a7c00000, 0x00000006a8000000|  0%| F|  |TAMS 0x00000006a7c00000, 0x00000006a7c00000| Untracked 
| 672|0x00000006a8000000, 0x00000006a8000000, 0x00000006a8400000|  0%| F|  |TAMS 0x00000006a8000000, 0x00000006a8000000| Untracked 
| 673|0x00000006a8400000, 0x00000006a8400000, 0x00000006a8800000|  0%| F|  |TAMS 0x00000006a8400000, 0x00000006a8400000| Untracked 
| 674|0x00000006a8800000, 0x00000006a8800000, 0x00000006a8c00000|  0%| F|  |TAMS 0x00000006a8800000, 0x00000006a8800000| Untracked 
| 675|0x00000006a8c00000, 0x00000006a8c00000, 0x00000006a9000000|  0%| F|  |TAMS 0x00000006a8c00000, 0x00000006a8c00000| Untracked 
| 676|0x00000006a9000000, 0x00000006a9000000, 0x00000006a9400000|  0%| F|  |TAMS 0x00000006a9000000, 0x00000006a9000000| Untracked 
| 677|0x00000006a9400000, 0x00000006a9400000, 0x00000006a9800000|  0%| F|  |TAMS 0x00000006a9400000, 0x00000006a9400000| Untracked 
| 678|0x00000006a9800000, 0x00000006a9800000, 0x00000006a9c00000|  0%| F|  |TAMS 0x00000006a9800000, 0x00000006a9800000| Untracked 
| 679|0x00000006a9c00000, 0x00000006a9c00000, 0x00000006aa000000|  0%| F|  |TAMS 0x00000006a9c00000, 0x00000006a9c00000| Untracked 
| 680|0x00000006aa000000, 0x00000006aa000000, 0x00000006aa400000|  0%| F|  |TAMS 0x00000006aa000000, 0x00000006aa000000| Untracked 
| 681|0x00000006aa400000, 0x00000006aa400000, 0x00000006aa800000|  0%| F|  |TAMS 0x00000006aa400000, 0x00000006aa400000| Untracked 
| 682|0x00000006aa800000, 0x00000006aa800000, 0x00000006aac00000|  0%| F|  |TAMS 0x00000006aa800000, 0x00000006aa800000| Untracked 
| 683|0x00000006aac00000, 0x00000006aac00000, 0x00000006ab000000|  0%| F|  |TAMS 0x00000006aac00000, 0x00000006aac00000| Untracked 
| 684|0x00000006ab000000, 0x00000006ab000000, 0x00000006ab400000|  0%| F|  |TAMS 0x00000006ab000000, 0x00000006ab000000| Untracked 
| 685|0x00000006ab400000, 0x00000006ab47afc0, 0x00000006ab800000| 12%| S|CS|TAMS 0x00000006ab400000, 0x00000006ab400000| Complete 
| 686|0x00000006ab800000, 0x00000006abc00000, 0x00000006abc00000|100%| S|CS|TAMS 0x00000006ab800000, 0x00000006ab800000| Complete 
| 687|0x00000006abc00000, 0x00000006abc00000, 0x00000006ac000000|  0%| F|  |TAMS 0x00000006abc00000, 0x00000006abc00000| Untracked 
| 688|0x00000006ac000000, 0x00000006ac000000, 0x00000006ac400000|  0%| F|  |TAMS 0x00000006ac000000, 0x00000006ac000000| Untracked 
| 689|0x00000006ac400000, 0x00000006ac400000, 0x00000006ac800000|  0%| F|  |TAMS 0x00000006ac400000, 0x00000006ac400000| Untracked 
| 690|0x00000006ac800000, 0x00000006ac800000, 0x00000006acc00000|  0%| F|  |TAMS 0x00000006ac800000, 0x00000006ac800000| Untracked 
| 691|0x00000006acc00000, 0x00000006acc00000, 0x00000006ad000000|  0%| F|  |TAMS 0x00000006acc00000, 0x00000006acc00000| Untracked 
| 692|0x00000006ad000000, 0x00000006ad000000, 0x00000006ad400000|  0%| F|  |TAMS 0x00000006ad000000, 0x00000006ad000000| Untracked 
| 693|0x00000006ad400000, 0x00000006ad400000, 0x00000006ad800000|  0%| F|  |TAMS 0x00000006ad400000, 0x00000006ad400000| Untracked 
| 694|0x00000006ad800000, 0x00000006ad800000, 0x00000006adc00000|  0%| F|  |TAMS 0x00000006ad800000, 0x00000006ad800000| Untracked 
| 695|0x00000006adc00000, 0x00000006adc00000, 0x00000006ae000000|  0%| F|  |TAMS 0x00000006adc00000, 0x00000006adc00000| Untracked 
| 696|0x00000006ae000000, 0x00000006ae000000, 0x00000006ae400000|  0%| F|  |TAMS 0x00000006ae000000, 0x00000006ae000000| Untracked 
| 697|0x00000006ae400000, 0x00000006ae400000, 0x00000006ae800000|  0%| F|  |TAMS 0x00000006ae400000, 0x00000006ae400000| Untracked 
| 698|0x00000006ae800000, 0x00000006ae800000, 0x00000006aec00000|  0%| F|  |TAMS 0x00000006ae800000, 0x00000006ae800000| Untracked 
| 699|0x00000006aec00000, 0x00000006aec00000, 0x00000006af000000|  0%| F|  |TAMS 0x00000006aec00000, 0x00000006aec00000| Untracked 
| 700|0x00000006af000000, 0x00000006af000000, 0x00000006af400000|  0%| F|  |TAMS 0x00000006af000000, 0x00000006af000000| Untracked 
| 701|0x00000006af400000, 0x00000006af400000, 0x00000006af800000|  0%| F|  |TAMS 0x00000006af400000, 0x00000006af400000| Untracked 
| 702|0x00000006af800000, 0x00000006af800000, 0x00000006afc00000|  0%| F|  |TAMS 0x00000006af800000, 0x00000006af800000| Untracked 
| 703|0x00000006afc00000, 0x00000006afc00000, 0x00000006b0000000|  0%| F|  |TAMS 0x00000006afc00000, 0x00000006afc00000| Untracked 
| 704|0x00000006b0000000, 0x00000006b0000000, 0x00000006b0400000|  0%| F|  |TAMS 0x00000006b0000000, 0x00000006b0000000| Untracked 
| 705|0x00000006b0400000, 0x00000006b0400000, 0x00000006b0800000|  0%| F|  |TAMS 0x00000006b0400000, 0x00000006b0400000| Untracked 
| 706|0x00000006b0800000, 0x00000006b0800000, 0x00000006b0c00000|  0%| F|  |TAMS 0x00000006b0800000, 0x00000006b0800000| Untracked 
| 707|0x00000006b0c00000, 0x00000006b0c00000, 0x00000006b1000000|  0%| F|  |TAMS 0x00000006b0c00000, 0x00000006b0c00000| Untracked 
| 708|0x00000006b1000000, 0x00000006b1000000, 0x00000006b1400000|  0%| F|  |TAMS 0x00000006b1000000, 0x00000006b1000000| Untracked 
| 709|0x00000006b1400000, 0x00000006b1400000, 0x00000006b1800000|  0%| F|  |TAMS 0x00000006b1400000, 0x00000006b1400000| Untracked 
| 710|0x00000006b1800000, 0x00000006b1800000, 0x00000006b1c00000|  0%| F|  |TAMS 0x00000006b1800000, 0x00000006b1800000| Untracked 
| 711|0x00000006b1c00000, 0x00000006b1c00000, 0x00000006b2000000|  0%| F|  |TAMS 0x00000006b1c00000, 0x00000006b1c00000| Untracked 
| 712|0x00000006b2000000, 0x00000006b2000000, 0x00000006b2400000|  0%| F|  |TAMS 0x00000006b2000000, 0x00000006b2000000| Untracked 
| 713|0x00000006b2400000, 0x00000006b2400000, 0x00000006b2800000|  0%| F|  |TAMS 0x00000006b2400000, 0x00000006b2400000| Untracked 
| 714|0x00000006b2800000, 0x00000006b2800000, 0x00000006b2c00000|  0%| F|  |TAMS 0x00000006b2800000, 0x00000006b2800000| Untracked 
| 715|0x00000006b2c00000, 0x00000006b2c00000, 0x00000006b3000000|  0%| F|  |TAMS 0x00000006b2c00000, 0x00000006b2c00000| Untracked 
| 716|0x00000006b3000000, 0x00000006b3000000, 0x00000006b3400000|  0%| F|  |TAMS 0x00000006b3000000, 0x00000006b3000000| Untracked 
| 717|0x00000006b3400000, 0x00000006b3400000, 0x00000006b3800000|  0%| F|  |TAMS 0x00000006b3400000, 0x00000006b3400000| Untracked 
| 718|0x00000006b3800000, 0x00000006b3800000, 0x00000006b3c00000|  0%| F|  |TAMS 0x00000006b3800000, 0x00000006b3800000| Untracked 
| 719|0x00000006b3c00000, 0x00000006b3c00000, 0x00000006b4000000|  0%| F|  |TAMS 0x00000006b3c00000, 0x00000006b3c00000| Untracked 
| 720|0x00000006b4000000, 0x00000006b4000000, 0x00000006b4400000|  0%| F|  |TAMS 0x00000006b4000000, 0x00000006b4000000| Untracked 

Card table byte_map: [0x000002277be00000,0x000002277ce00000] _byte_map_base: 0x0000022778e00000

Marking Bits (Prev, Next): (CMBitMap*) 0x00000227513142d0, (CMBitMap*) 0x0000022751314290
 Prev Bits: [0x0000022708000000, 0x0000022710000000)
 Next Bits: [0x0000022700000000, 0x0000022708000000)

Polling page: 0x0000022751320000

Metaspace:

Usage:
  Non-class:    154.80 MB used.
      Class:     22.79 MB used.
       Both:    177.58 MB used.

Virtual space:
  Non-class space:      192.00 MB reserved,     155.44 MB ( 81%) committed,  3 nodes.
      Class space:        1.00 GB reserved,      23.38 MB (  2%) committed,  1 nodes.
             Both:        1.19 GB reserved,     178.81 MB ( 15%) committed. 

Chunk freelists:
   Non-Class:  4.03 MB
       Class:  8.64 MB
        Both:  12.67 MB

MaxMetaspaceSize: 4.00 GB
CompressedClassSpaceSize: 1.00 GB
Initial GC threshold: 21.00 MB
Current GC threshold: 293.25 MB
CDS: on
MetaspaceReclaimPolicy: balanced
 - commit_granule_bytes: 65536.
 - commit_granule_words: 8192.
 - virtual_space_node_default_size: 8388608.
 - enlarge_chunks_in_place: 1.
 - new_chunks_are_fully_committed: 0.
 - uncommit_free_chunks: 1.
 - use_allocation_guard: 0.
 - handle_deallocations: 1.


Internal statistics:

num_allocs_failed_limit: 3.
num_arena_births: 1736.
num_arena_deaths: 4.
num_vsnodes_births: 4.
num_vsnodes_deaths: 0.
num_space_committed: 2859.
num_space_uncommitted: 0.
num_chunks_returned_to_freelist: 12.
num_chunks_taken_from_freelist: 8972.
num_chunk_merges: 3.
num_chunk_splits: 6382.
num_chunks_enlarged: 4780.
num_inconsistent_stats: 0.

CodeHeap 'non-profiled nmethods': size=259264Kb used=17919Kb max_used=17919Kb free=241344Kb
 bounds [0x000002276a890000, 0x000002276ba10000, 0x000002277a5c0000]
CodeHeap 'profiled nmethods': size=259264Kb used=48846Kb max_used=49138Kb free=210417Kb
 bounds [0x000002275a5c0000, 0x000002275d5c0000, 0x000002276a2f0000]
CodeHeap 'non-nmethods': size=5760Kb used=2665Kb max_used=2714Kb free=3094Kb
 bounds [0x000002276a2f0000, 0x000002276a5c0000, 0x000002276a890000]
 total_blobs=24134 nmethods=22894 adapters=1150
 compilation: enabled
              stopped_count=0, restarted_count=0
 full_count=0

Compilation events (20 events):
Event: 1866.642 Thread 0x000002277dff3d70 28247       3       org.gradle.api.internal.initialization.transform.utils.InstrumentationTransformUtils::createInstrumentationClasspathMarker (16 bytes)
Event: 1866.643 Thread 0x000002277dff3d70 nmethod 28247 0x000002275bd96190 code [0x000002275bd96400, 0x000002275bd96ea8]
Event: 1866.754 Thread 0x000002277dff3d70 28248       3       java.io.File::getCanonicalFile (38 bytes)
Event: 1866.755 Thread 0x000002277dff3d70 nmethod 28248 0x000002275bd95710 code [0x000002275bd95940, 0x000002275bd95f98]
Event: 1866.755 Thread 0x000002277dff3d70 28249       3       java.io.File::getCanonicalPath (31 bytes)
Event: 1866.756 Thread 0x000002277dff3d70 nmethod 28249 0x000002275bd95190 code [0x000002275bd95360, 0x000002275bd955f8]
Event: 1866.803 Thread 0x000002277dff0f90 28250       4       java.io.File::getParentFile (41 bytes)
Event: 1866.828 Thread 0x000002277dff0f90 nmethod 28250 0x000002276ba0d410 code [0x000002276ba0d5e0, 0x000002276ba0dca8]
Event: 1866.860 Thread 0x000002277dff3d70 28251       3       org.gradle.api.internal.artifacts.transform.AbstractTransformExecution$2::description (65 bytes)
Event: 1866.875 Thread 0x000002277dff3d70 nmethod 28251 0x000002275bd93c90 code [0x000002275bd93f40, 0x000002275bd94c98]
Event: 1866.892 Thread 0x000002277dff0f90 28252       4       org.gradle.internal.execution.impl.DefaultFileNormalizationSpec::from (11 bytes)
Event: 1866.894 Thread 0x000002277dff0f90 nmethod 28252 0x000002276ba0e190 code [0x000002276ba0e320, 0x000002276ba0e3f8]
Event: 1867.109 Thread 0x000002277dff0f90 28253       4       org.gradle.internal.snapshot.DirectorySnapshot$$Lambda$2848/0x0000022781062878::apply (16 bytes)
Event: 1867.134 Thread 0x000002277dff0f90 nmethod 28253 0x000002276ba0e490 code [0x000002276ba0e680, 0x000002276ba0ee98]
Event: 1867.134 Thread 0x000002277dff0f90 28255       4       org.apache.commons.compress.archivers.zip.ZipArchiveOutputStream::writeCounted (9 bytes)
Event: 1867.138 Thread 0x000002277dff0f90 nmethod 28255 0x000002276ba0f210 code [0x000002276ba0f3a0, 0x000002276ba0f4e8]
Event: 1867.138 Thread 0x000002277dff0f90 28254       4       org.gradle.internal.snapshot.DirectorySnapshot$$Lambda$2850/0x0000022781062ce8::apply (12 bytes)
Event: 1867.144 Thread 0x000002277dff0f90 nmethod 28254 0x000002276ba0f710 code [0x000002276ba0f8a0, 0x000002276ba0fb58]
Event: 1867.303 Thread 0x000002277dff3d70 28256       3       org.gradle.api.internal.initialization.transform.utils.InstrumentationTransformUtils::outputOriginalArtifact (27 bytes)
Event: 1867.305 Thread 0x000002277dff3d70 nmethod 28256 0x000002275bd91d10 code [0x000002275bd92040, 0x000002275bd934f8]

GC Heap History (20 events):
Event: 1825.614 GC heap after
{Heap after GC invocations=162 (full 0):
 garbage-first heap   total 2953216K, used 292879K [0x0000000600000000, 0x0000000800000000)
  region size 4096K, 3 young (12288K), 3 survivors (12288K)
 Metaspace       used 181810K, committed 183040K, reserved 1245184K
  class space    used 23334K, committed 23936K, reserved 1048576K
}
Event: 1830.381 GC heap before
{Heap before GC invocations=162 (full 0):
 garbage-first heap   total 2953216K, used 423951K [0x0000000600000000, 0x0000000800000000)
  region size 4096K, 36 young (147456K), 3 survivors (12288K)
 Metaspace       used 181827K, committed 183104K, reserved 1245184K
  class space    used 23334K, committed 23936K, reserved 1048576K
}
Event: 1830.688 GC heap after
{Heap after GC invocations=163 (full 0):
 garbage-first heap   total 2953216K, used 296406K [0x0000000600000000, 0x0000000800000000)
  region size 4096K, 3 young (12288K), 3 survivors (12288K)
 Metaspace       used 181827K, committed 183104K, reserved 1245184K
  class space    used 23334K, committed 23936K, reserved 1048576K
}
Event: 1834.055 GC heap before
{Heap before GC invocations=163 (full 0):
 garbage-first heap   total 2953216K, used 427478K [0x0000000600000000, 0x0000000800000000)
  region size 4096K, 36 young (147456K), 3 survivors (12288K)
 Metaspace       used 181829K, committed 183104K, reserved 1245184K
  class space    used 23334K, committed 23936K, reserved 1048576K
}
Event: 1834.081 GC heap after
{Heap after GC invocations=164 (full 0):
 garbage-first heap   total 2953216K, used 298561K [0x0000000600000000, 0x0000000800000000)
  region size 4096K, 3 young (12288K), 3 survivors (12288K)
 Metaspace       used 181829K, committed 183104K, reserved 1245184K
  class space    used 23334K, committed 23936K, reserved 1048576K
}
Event: 1838.658 GC heap before
{Heap before GC invocations=164 (full 0):
 garbage-first heap   total 2953216K, used 429633K [0x0000000600000000, 0x0000000800000000)
  region size 4096K, 36 young (147456K), 3 survivors (12288K)
 Metaspace       used 181839K, committed 183104K, reserved 1245184K
  class space    used 23334K, committed 23936K, reserved 1048576K
}
Event: 1838.811 GC heap after
{Heap after GC invocations=165 (full 0):
 garbage-first heap   total 2953216K, used 308690K [0x0000000600000000, 0x0000000800000000)
  region size 4096K, 5 young (20480K), 5 survivors (20480K)
 Metaspace       used 181839K, committed 183104K, reserved 1245184K
  class space    used 23334K, committed 23936K, reserved 1048576K
}
Event: 1841.217 GC heap before
{Heap before GC invocations=165 (full 0):
 garbage-first heap   total 2953216K, used 431570K [0x0000000600000000, 0x0000000800000000)
  region size 4096K, 36 young (147456K), 5 survivors (20480K)
 Metaspace       used 181839K, committed 183104K, reserved 1245184K
  class space    used 23334K, committed 23936K, reserved 1048576K
}
Event: 1849.900 GC heap after
{Heap after GC invocations=166 (full 0):
 garbage-first heap   total 2953216K, used 312779K [0x0000000600000000, 0x0000000800000000)
  region size 4096K, 1 young (4096K), 1 survivors (4096K)
 Metaspace       used 181839K, committed 183104K, reserved 1245184K
  class space    used 23334K, committed 23936K, reserved 1048576K
}
Event: 1853.905 GC heap before
{Heap before GC invocations=166 (full 0):
 garbage-first heap   total 2953216K, used 456139K [0x0000000600000000, 0x0000000800000000)
  region size 4096K, 36 young (147456K), 1 survivors (4096K)
 Metaspace       used 181840K, committed 183104K, reserved 1245184K
  class space    used 23334K, committed 23936K, reserved 1048576K
}
Event: 1853.912 GC heap after
{Heap after GC invocations=167 (full 0):
 garbage-first heap   total 2953216K, used 311249K [0x0000000600000000, 0x0000000800000000)
  region size 4096K, 1 young (4096K), 1 survivors (4096K)
 Metaspace       used 181840K, committed 183104K, reserved 1245184K
  class space    used 23334K, committed 23936K, reserved 1048576K
}
Event: 1858.568 GC heap before
{Heap before GC invocations=167 (full 0):
 garbage-first heap   total 2953216K, used 450513K [0x0000000600000000, 0x0000000800000000)
  region size 4096K, 36 young (147456K), 1 survivors (4096K)
 Metaspace       used 181840K, committed 183104K, reserved 1245184K
  class space    used 23334K, committed 23936K, reserved 1048576K
}
Event: 1858.576 GC heap after
{Heap after GC invocations=168 (full 0):
 garbage-first heap   total 2953216K, used 312061K [0x0000000600000000, 0x0000000800000000)
  region size 4096K, 1 young (4096K), 1 survivors (4096K)
 Metaspace       used 181840K, committed 183104K, reserved 1245184K
  class space    used 23334K, committed 23936K, reserved 1048576K
}
Event: 1860.146 GC heap before
{Heap before GC invocations=168 (full 0):
 garbage-first heap   total 2953216K, used 455421K [0x0000000600000000, 0x0000000800000000)
  region size 4096K, 37 young (151552K), 1 survivors (4096K)
 Metaspace       used 181843K, committed 183104K, reserved 1245184K
  class space    used 23334K, committed 23936K, reserved 1048576K
}
Event: 1860.155 GC heap after
{Heap after GC invocations=169 (full 0):
 garbage-first heap   total 2953216K, used 313082K [0x0000000600000000, 0x0000000800000000)
  region size 4096K, 2 young (8192K), 2 survivors (8192K)
 Metaspace       used 181843K, committed 183104K, reserved 1245184K
  class space    used 23334K, committed 23936K, reserved 1048576K
}
Event: 1861.634 GC heap before
{Heap before GC invocations=169 (full 0):
 garbage-first heap   total 2953216K, used 448250K [0x0000000600000000, 0x0000000800000000)
  region size 4096K, 36 young (147456K), 2 survivors (8192K)
 Metaspace       used 181844K, committed 183104K, reserved 1245184K
  class space    used 23334K, committed 23936K, reserved 1048576K
}
Event: 1861.647 GC heap after
{Heap after GC invocations=170 (full 0):
 garbage-first heap   total 2953216K, used 316176K [0x0000000600000000, 0x0000000800000000)
  region size 4096K, 2 young (8192K), 2 survivors (8192K)
 Metaspace       used 181844K, committed 183104K, reserved 1245184K
  class space    used 23334K, committed 23936K, reserved 1048576K
}
Event: 1863.496 GC heap before
{Heap before GC invocations=170 (full 0):
 garbage-first heap   total 2953216K, used 451344K [0x0000000600000000, 0x0000000800000000)
  region size 4096K, 36 young (147456K), 2 survivors (8192K)
 Metaspace       used 181845K, committed 183104K, reserved 1245184K
  class space    used 23334K, committed 23936K, reserved 1048576K
}
Event: 1864.142 GC heap after
{Heap after GC invocations=171 (full 0):
 garbage-first heap   total 2953216K, used 314725K [0x0000000600000000, 0x0000000800000000)
  region size 4096K, 2 young (8192K), 2 survivors (8192K)
 Metaspace       used 181845K, committed 183104K, reserved 1245184K
  class space    used 23334K, committed 23936K, reserved 1048576K
}
Event: 1867.503 GC heap before
{Heap before GC invocations=171 (full 0):
 garbage-first heap   total 2953216K, used 453989K [0x0000000600000000, 0x0000000800000000)
  region size 4096K, 36 young (147456K), 2 survivors (8192K)
 Metaspace       used 181845K, committed 183104K, reserved 1245184K
  class space    used 23334K, committed 23936K, reserved 1048576K
}

Dll operation events (16 events):
Event: 0.245 Loaded shared library C:\Program Files\Eclipse Adoptium\jdk-17.0.16.8-hotspot\bin\java.dll
Event: 0.321 Loaded shared library C:\Program Files\Eclipse Adoptium\jdk-17.0.16.8-hotspot\bin\jsvml.dll
Event: 0.860 Loaded shared library C:\Program Files\Eclipse Adoptium\jdk-17.0.16.8-hotspot\bin\zip.dll
Event: 0.904 Loaded shared library C:\Program Files\Eclipse Adoptium\jdk-17.0.16.8-hotspot\bin\instrument.dll
Event: 0.953 Loaded shared library C:\Program Files\Eclipse Adoptium\jdk-17.0.16.8-hotspot\bin\net.dll
Event: 0.957 Loaded shared library C:\Program Files\Eclipse Adoptium\jdk-17.0.16.8-hotspot\bin\nio.dll
Event: 0.964 Loaded shared library C:\Program Files\Eclipse Adoptium\jdk-17.0.16.8-hotspot\bin\zip.dll
Event: 3.069 Loaded shared library C:\Program Files\Eclipse Adoptium\jdk-17.0.16.8-hotspot\bin\jimage.dll
Event: 5.614 Loaded shared library C:\Program Files\Eclipse Adoptium\jdk-17.0.16.8-hotspot\bin\verify.dll
Event: 7.190 Loaded shared library C:\Users\Bambang Adhi N\.gradle\native\1def1411415f61bf3af743bc5b6707747c0891f09f0c88961ee8f79bc544acac\windows-amd64\native-platform.dll
Event: 7.602 Loaded shared library C:\Users\Bambang Adhi N\.gradle\native\0.2.5\x86_64-windows-gnu\gradle-fileevents.dll
Event: 30.817 Loaded shared library C:\Program Files\Eclipse Adoptium\jdk-17.0.16.8-hotspot\bin\management.dll
Event: 31.571 Loaded shared library C:\Program Files\Eclipse Adoptium\jdk-17.0.16.8-hotspot\bin\management_ext.dll
Event: 43.611 Loaded shared library C:\Program Files\Eclipse Adoptium\jdk-17.0.16.8-hotspot\bin\extnet.dll
Event: 49.144 Loaded shared library C:\Program Files\Eclipse Adoptium\jdk-17.0.16.8-hotspot\bin\sunmscapi.dll
Event: 61.890 Loaded shared library C:\Users\Bambang Adhi N\AppData\Local\Temp\native-platform8625274598767142884dir\gradle-fileevents.dll

Deoptimization events (20 events):
Event: 1835.467 Thread 0x00000227c4d0fff0 DEOPT PACKING pc=0x000002276b97977c sp=0x000000c3041f80d0
Event: 1835.468 Thread 0x00000227c4d0fff0 DEOPT UNPACKING pc=0x000002276a3469a3 sp=0x000000c3041f8008 mode 2
Event: 1835.468 Thread 0x00000227c4d0fff0 Uncommon trap: trap_request=0xffffffd6 fr.pc=0x000002276b97977c relative=0x00000000000007bc
Event: 1835.468 Thread 0x00000227c4d0fff0 Uncommon trap: reason=array_check action=maybe_recompile pc=0x000002276b97977c method=java.util.ComparableTimSort.reverseRange([Ljava/lang/Object;II)V @ 20 c2
Event: 1835.468 Thread 0x00000227c4d0fff0 DEOPT PACKING pc=0x000002276b97977c sp=0x000000c3041f80d0
Event: 1835.468 Thread 0x00000227c4d0fff0 DEOPT UNPACKING pc=0x000002276a3469a3 sp=0x000000c3041f8008 mode 2
Event: 1838.427 Thread 0x00000227c5c77220 Uncommon trap: trap_request=0xffffff45 fr.pc=0x000002276ab63c38 relative=0x0000000000000378
Event: 1838.427 Thread 0x00000227c5c77220 Uncommon trap: reason=unstable_if action=reinterpret pc=0x000002276ab63c38 method=org.gradle.internal.classpath.transforms.InstrumentingClassTransform$InstrumentingVisitor.maybeBuildBridgeMethod(Lorg/objectweb/asm/Handle;)Lorg/gradle/internal/classpath/tr
Event: 1838.427 Thread 0x00000227c5c77220 DEOPT PACKING pc=0x000002276ab63c38 sp=0x000000c3064faf00
Event: 1838.427 Thread 0x00000227c5c77220 DEOPT UNPACKING pc=0x000002276a3469a3 sp=0x000000c3064fae40 mode 2
Event: 1838.492 Thread 0x00000227c5c77220 Uncommon trap: trap_request=0xffffff54 fr.pc=0x000002276b8881ec relative=0x00000000000073ec
Event: 1838.492 Thread 0x00000227c5c77220 Uncommon trap: reason=speculate_null_assert action=make_not_entrant pc=0x000002276b8881ec method=org.gradle.internal.classpath.transforms.InstrumentingClassTransform$InstrumentingMethodVisitor.maybeInstrumentHandle(Lorg/objectweb/asm/Handle;)Lorg/objectwe
Event: 1838.492 Thread 0x00000227c5c77220 DEOPT PACKING pc=0x000002276b8881ec sp=0x000000c3064fb010
Event: 1838.492 Thread 0x00000227c5c77220 DEOPT UNPACKING pc=0x000002276a3469a3 sp=0x000000c3064fae38 mode 2
Event: 1853.531 Thread 0x00000227c5c76800 DEOPT PACKING pc=0x000002275be6abc3 sp=0x000000c3061fb250
Event: 1853.531 Thread 0x00000227c5c76800 DEOPT UNPACKING pc=0x000002276a347143 sp=0x000000c3061fa6e8 mode 0
Event: 1860.429 Thread 0x00000227c5c77220 Uncommon trap: trap_request=0xffffffc6 fr.pc=0x000002276b2ada6c relative=0x00000000000018cc
Event: 1860.429 Thread 0x00000227c5c77220 Uncommon trap: reason=bimorphic_or_optimized_type_check action=maybe_recompile pc=0x000002276b2ada6c method=java.util.HashMap$TreeNode.putTreeVal(Ljava/util/HashMap;[Ljava/util/HashMap$Node;ILjava/lang/Object;Ljava/lang/Object;)Ljava/util/HashMap$TreeNode
Event: 1860.429 Thread 0x00000227c5c77220 DEOPT PACKING pc=0x000002276b2ada6c sp=0x000000c3064fb240
Event: 1860.430 Thread 0x00000227c5c77220 DEOPT UNPACKING pc=0x000002276a3469a3 sp=0x000000c3064fb1e8 mode 2

Classes loaded (20 events):
Event: 1649.787 Loading class java/util/regex/PatternCustomizer
Event: 1649.787 Loading class java/util/regex/PatternCustomizer done
Event: 1649.823 Loading class jdk/internal/reflect/UnsafeQualifiedStaticIntegerFieldAccessorImpl
Event: 1649.875 Loading class jdk/internal/reflect/UnsafeQualifiedStaticIntegerFieldAccessorImpl done
Event: 1650.021 Loading class java/util/regex/MatcherBeanInfo
Event: 1650.022 Loading class java/util/regex/MatcherBeanInfo done
Event: 1650.027 Loading class java/util/regex/MatcherBeanInfo
Event: 1650.027 Loading class java/util/regex/MatcherBeanInfo done
Event: 1650.028 Loading class java/util/regex/MatcherCustomizer
Event: 1650.046 Loading class java/util/regex/MatcherCustomizer done
Event: 1650.047 Loading class java/util/regex/MatcherCustomizer
Event: 1650.047 Loading class java/util/regex/MatcherCustomizer done
Event: 1650.201 Loading class java/lang/StringBeanInfo
Event: 1650.201 Loading class java/lang/StringBeanInfo done
Event: 1650.202 Loading class java/lang/StringBeanInfo
Event: 1650.202 Loading class java/lang/StringBeanInfo done
Event: 1650.221 Loading class java/lang/StringCustomizer
Event: 1650.221 Loading class java/lang/StringCustomizer done
Event: 1650.222 Loading class java/lang/StringCustomizer
Event: 1650.222 Loading class java/lang/StringCustomizer done

Classes unloaded (11 events):
Event: 1328.766 Thread 0x000002277dfd02a0 Unloading class 0x00000227816fd7d0 '_BuildScript_$_run_closure1$_closure3'
Event: 1328.780 Thread 0x000002277dfd02a0 Unloading class 0x00000227816fd3e8 '_BuildScript_$_run_closure1$_closure2'
Event: 1328.780 Thread 0x000002277dfd02a0 Unloading class 0x00000227816fd000 '_BuildScript_$_run_closure1'
Event: 1328.780 Thread 0x000002277dfd02a0 Unloading class 0x00000227816fc800 '_BuildScript_'
Event: 1328.780 Thread 0x000002277dfd02a0 Unloading class 0x000002278169d388 '_BuildScript_$_run_closure3'
Event: 1328.780 Thread 0x000002277dfd02a0 Unloading class 0x000002278169cfa0 '_BuildScript_$_run_closure2$_closure6'
Event: 1328.780 Thread 0x000002277dfd02a0 Unloading class 0x000002278169cbb8 '_BuildScript_$_run_closure2$_closure5'
Event: 1328.780 Thread 0x000002277dfd02a0 Unloading class 0x000002278169c7d0 '_BuildScript_$_run_closure2'
Event: 1328.780 Thread 0x000002277dfd02a0 Unloading class 0x000002278169c3e8 '_BuildScript_$_run_closure1$_closure4'
Event: 1328.780 Thread 0x000002277dfd02a0 Unloading class 0x000002278169c000 '_BuildScript_$_run_closure1'
Event: 1328.780 Thread 0x000002277dfd02a0 Unloading class 0x0000022781690800 '_BuildScript_'

Classes redefined (0 events):
No events

Internal exceptions (20 events):
Event: 1838.010 Thread 0x00000227c5c76800 Exception <a 'sun/nio/fs/WindowsException'{0x00000006add2cba8}> (0x00000006add2cba8) 
thrown [s\src\hotspot\share\prims\jni.cpp, line 516]
Event: 1838.013 Thread 0x00000227c5c762f0 Exception <a 'sun/nio/fs/WindowsException'{0x00000006adde7040}> (0x00000006adde7040) 
thrown [s\src\hotspot\share\prims\jni.cpp, line 516]
Event: 1838.207 Thread 0x00000227c5c77220 Exception <a 'sun/nio/fs/WindowsException'{0x00000006add9d1c8}> (0x00000006add9d1c8) 
thrown [s\src\hotspot\share\prims\jni.cpp, line 516]
Event: 1838.209 Thread 0x00000227c4d0fff0 Exception <a 'sun/nio/fs/WindowsException'{0x00000006adf4dad8}> (0x00000006adf4dad8) 
thrown [s\src\hotspot\share\prims\jni.cpp, line 516]
Event: 1840.697 Thread 0x00000227c5c762f0 Exception <a 'sun/nio/fs/WindowsException'{0x00000006b146a578}> (0x00000006b146a578) 
thrown [s\src\hotspot\share\prims\jni.cpp, line 516]
Event: 1840.993 Thread 0x00000227c5c76800 Exception <a 'sun/nio/fs/WindowsException'{0x00000006ae078270}> (0x00000006ae078270) 
thrown [s\src\hotspot\share\prims\jni.cpp, line 516]
Event: 1853.466 Thread 0x00000227c5c762f0 Exception <a 'sun/nio/fs/WindowsException'{0x00000006ad95f580}> (0x00000006ad95f580) 
thrown [s\src\hotspot\share\prims\jni.cpp, line 516]
Event: 1853.843 Thread 0x00000227c5c76800 Exception <a 'sun/nio/fs/WindowsException'{0x00000006abf0d988}> (0x00000006abf0d988) 
thrown [s\src\hotspot\share\prims\jni.cpp, line 516]
Event: 1855.077 Thread 0x00000227c5c762f0 Exception <a 'sun/nio/fs/WindowsException'{0x00000006b0666458}> (0x00000006b0666458) 
thrown [s\src\hotspot\share\prims\jni.cpp, line 516]
Event: 1855.319 Thread 0x00000227c5c76800 Exception <a 'sun/nio/fs/WindowsException'{0x00000006af9c0200}> (0x00000006af9c0200) 
thrown [s\src\hotspot\share\prims\jni.cpp, line 516]
Event: 1859.299 Thread 0x00000227c5c76800 Exception <a 'sun/nio/fs/WindowsException'{0x00000006b244a228}> (0x00000006b244a228) 
thrown [s\src\hotspot\share\prims\jni.cpp, line 516]
Event: 1860.210 Thread 0x00000227c5c762f0 Exception <a 'sun/nio/fs/WindowsException'{0x00000006b3d15b08}> (0x00000006b3d15b08) 
thrown [s\src\hotspot\share\prims\jni.cpp, line 516]
Event: 1861.219 Thread 0x00000227c5c76800 Exception <a 'sun/nio/fs/WindowsException'{0x00000006aee07560}> (0x00000006aee07560) 
thrown [s\src\hotspot\share\prims\jni.cpp, line 516]
Event: 1861.512 Thread 0x00000227c5c762f0 Exception <a 'sun/nio/fs/WindowsException'{0x00000006acb2be98}> (0x00000006acb2be98) 
thrown [s\src\hotspot\share\prims\jni.cpp, line 516]
Event: 1866.228 Thread 0x00000227c5c762f0 Exception <a 'sun/nio/fs/WindowsException'{0x00000006b083bb98}> (0x00000006b083bb98) 
thrown [s\src\hotspot\share\prims\jni.cpp, line 516]
Event: 1866.921 Thread 0x00000227c5c762f0 Exception <a 'sun/nio/fs/WindowsException'{0x00000006aeab94b8}> (0x00000006aeab94b8) 
thrown [s\src\hotspot\share\prims\jni.cpp, line 516]
Event: 1867.076 Thread 0x00000227c5c77220 Exception <a 'sun/nio/fs/WindowsException'{0x00000006ae0c31b8}> (0x00000006ae0c31b8) 
thrown [s\src\hotspot\share\prims\jni.cpp, line 516]
Event: 1867.174 Thread 0x00000227c4d0fff0 Exception <a 'sun/nio/fs/WindowsException'{0x00000006ae7ce318}> (0x00000006ae7ce318) 
thrown [s\src\hotspot\share\prims\jni.cpp, line 516]
Event: 1867.358 Thread 0x00000227c5c77220 Exception <a 'sun/nio/fs/WindowsException'{0x00000006acaa7b18}> (0x00000006acaa7b18) 
thrown [s\src\hotspot\share\prims\jni.cpp, line 516]
Event: 1867.402 Thread 0x00000227c5c762f0 Exception <a 'sun/nio/fs/WindowsException'{0x00000006ac9b3f98}> (0x00000006ac9b3f98) 
thrown [s\src\hotspot\share\prims\jni.cpp, line 516]

VM Operations (20 events):
Event: 1854.918 Executing VM operation: Cleanup done
Event: 1858.568 Executing VM operation: G1CollectForAllocation
Event: 1858.576 Executing VM operation: G1CollectForAllocation done
Event: 1859.589 Executing VM operation: Cleanup
Event: 1859.589 Executing VM operation: Cleanup done
Event: 1860.145 Executing VM operation: G1CollectForAllocation
Event: 1860.145 Executing VM operation: G1CollectForAllocation done
Event: 1860.146 Executing VM operation: G1CollectForAllocation
Event: 1860.155 Executing VM operation: G1CollectForAllocation done
Event: 1861.167 Executing VM operation: Cleanup
Event: 1861.168 Executing VM operation: Cleanup done
Event: 1861.634 Executing VM operation: G1CollectForAllocation
Event: 1861.647 Executing VM operation: G1CollectForAllocation done
Event: 1863.496 Executing VM operation: G1CollectForAllocation
Event: 1864.142 Executing VM operation: G1CollectForAllocation done
Event: 1865.598 Executing VM operation: HandshakeAllThreads
Event: 1866.122 Executing VM operation: HandshakeAllThreads done
Event: 1867.125 Executing VM operation: Cleanup
Event: 1867.125 Executing VM operation: Cleanup done
Event: 1867.502 Executing VM operation: G1CollectForAllocation

Memory protections (0 events):
No events

Nmethod flushes (20 events):
Event: 1682.692 Thread 0x000002277e5d3270 flushing  nmethod 0x000002275d11ba90
Event: 1682.692 Thread 0x000002277e5d3270 flushing  nmethod 0x000002275d11c210
Event: 1682.693 Thread 0x000002277e5d3270 flushing  nmethod 0x000002275d179010
Event: 1682.693 Thread 0x000002277e5d3270 flushing  nmethod 0x000002275d179390
Event: 1682.693 Thread 0x000002277e5d3270 flushing  nmethod 0x000002275d179790
Event: 1682.693 Thread 0x000002277e5d3270 flushing  nmethod 0x000002275d19cf90
Event: 1682.693 Thread 0x000002277e5d3270 flushing  nmethod 0x000002275d1e5790
Event: 1682.694 Thread 0x000002277e5d3270 flushing  nmethod 0x000002275d202c10
Event: 1682.694 Thread 0x000002277e5d3270 flushing  nmethod 0x000002275d21e710
Event: 1682.694 Thread 0x000002277e5d3270 flushing  nmethod 0x000002275d25a610
Event: 1682.694 Thread 0x000002277e5d3270 flushing  nmethod 0x000002275d260d90
Event: 1682.694 Thread 0x000002277e5d3270 flushing  nmethod 0x000002275d263310
Event: 1682.694 Thread 0x000002277e5d3270 flushing  nmethod 0x000002275d28f990
Event: 1682.694 Thread 0x000002277e5d3270 flushing  nmethod 0x000002275d2ce010
Event: 1682.695 Thread 0x000002277e5d3270 flushing  nmethod 0x000002275d2f2b10
Event: 1682.695 Thread 0x000002277e5d3270 flushing  nmethod 0x000002275d2ff010
Event: 1682.695 Thread 0x000002277e5d3270 flushing  nmethod 0x000002275d306910
Event: 1682.696 Thread 0x000002277e5d3270 flushing  nmethod 0x000002275d3b7f90
Event: 1682.696 Thread 0x000002277e5d3270 flushing  nmethod 0x000002275d3c3e90
Event: 1682.696 Thread 0x000002277e5d3270 flushing  nmethod 0x000002275d3e4290

Events (20 events):
Event: 270.073 Thread 0x00000227c4d0fff0 Thread added: 0x00000227c76d7840
Event: 311.160 Thread 0x00000227c5c78b70 Thread exited: 0x00000227c5c78b70
Event: 426.920 Thread 0x00000227c4d0fff0 Thread added: 0x00000227c9156d20
Event: 426.921 Thread 0x00000227c4d0fff0 Thread added: 0x00000227c9158b80
Event: 432.748 Thread 0x00000227c4d0fff0 Thread added: 0x00000227c9153a80
Event: 432.749 Thread 0x00000227c4d0fff0 Thread added: 0x00000227c9157230
Event: 432.750 Thread 0x00000227c4d0fff0 Thread added: 0x00000227c91595a0
Event: 435.681 Thread 0x00000227c4d0fff0 Thread added: 0x00000227c915a4d0
Event: 435.801 Thread 0x00000227c4d0fff0 Thread added: 0x00000227c9153060
Event: 435.884 Thread 0x00000227c4d0fff0 Thread added: 0x00000227c91549b0
Event: 437.890 Thread 0x00000227c4d0fff0 Thread added: 0x00000227c9154ec0
Event: 437.892 Thread 0x00000227c4d0fff0 Thread added: 0x00000227c915a9e0
Event: 437.893 Thread 0x00000227c4d0fff0 Thread added: 0x00000227c9157740
Event: 447.398 Thread 0x00000227c4d0fff0 Thread added: 0x00000227c9153570
Event: 491.843 Thread 0x00000227c4d0fff0 Thread added: 0x00000227c9157c50
Event: 573.370 Thread 0x00000227c4d0fff0 Thread added: 0x00000227d622c150
Event: 608.107 Thread 0x00000227c4d0fff0 Thread added: 0x00000227d5baea50
Event: 609.676 Thread 0x00000227c4d0fff0 Thread added: 0x00000227d5bb03a0
Event: 618.246 Thread 0x00000227c4d0fff0 Thread added: 0x00000227d5bad100
Event: 1607.058 Thread 0x00000227c4d0fff0 Thread added: 0x00000227d5bab7b0


Dynamic libraries:
0x00007ff6c1fe0000 - 0x00007ff6c1fee000 	C:\Program Files\Eclipse Adoptium\jdk-17.0.16.8-hotspot\bin\java.exe
0x00007ffe479b0000 - 0x00007ffe47ba8000 	C:\WINDOWS\SYSTEM32\ntdll.dll
0x00007ffe46440000 - 0x00007ffe46502000 	C:\WINDOWS\System32\KERNEL32.DLL
0x00007ffe453e0000 - 0x00007ffe456d6000 	C:\WINDOWS\System32\KERNELBASE.dll
0x00007ffe452e0000 - 0x00007ffe453e0000 	C:\WINDOWS\System32\ucrtbase.dll
0x00007ffe38230000 - 0x00007ffe38247000 	C:\Program Files\Eclipse Adoptium\jdk-17.0.16.8-hotspot\bin\jli.dll
0x00007ffe38250000 - 0x00007ffe3826e000 	C:\Program Files\Eclipse Adoptium\jdk-17.0.16.8-hotspot\bin\VCRUNTIME140.dll
0x00007ffe46710000 - 0x00007ffe468b1000 	C:\WINDOWS\System32\USER32.dll
0x00007ffe45040000 - 0x00007ffe45062000 	C:\WINDOWS\System32\win32u.dll
0x00007ffe33ea0000 - 0x00007ffe3413b000 	C:\WINDOWS\WinSxS\amd64_microsoft.windows.common-controls_6595b64144ccf1df_6.0.19041.6456_none_60b8a6cb71f64256\COMCTL32.dll
0x00007ffe45df0000 - 0x00007ffe45e1b000 	C:\WINDOWS\System32\GDI32.dll
0x00007ffe459d0000 - 0x00007ffe45a6e000 	C:\WINDOWS\System32\msvcrt.dll
0x00007ffe458b0000 - 0x00007ffe459c9000 	C:\WINDOWS\System32\gdi32full.dll
0x00007ffe45810000 - 0x00007ffe458ad000 	C:\WINDOWS\System32\msvcp_win.dll
0x00007ffe45b00000 - 0x00007ffe45b2f000 	C:\WINDOWS\System32\IMM32.DLL
0x00007ffe38290000 - 0x00007ffe3829c000 	C:\Program Files\Eclipse Adoptium\jdk-17.0.16.8-hotspot\bin\vcruntime140_1.dll
0x00007ffe26400000 - 0x00007ffe2648d000 	C:\Program Files\Eclipse Adoptium\jdk-17.0.16.8-hotspot\bin\msvcp140.dll
0x00007ffe1a890000 - 0x00007ffe1b4fb000 	C:\Program Files\Eclipse Adoptium\jdk-17.0.16.8-hotspot\bin\server\jvm.dll
0x00007ffe477c0000 - 0x00007ffe47871000 	C:\WINDOWS\System32\ADVAPI32.dll
0x00007ffe472a0000 - 0x00007ffe4733f000 	C:\WINDOWS\System32\sechost.dll
0x00007ffe46240000 - 0x00007ffe46360000 	C:\WINDOWS\System32\RPCRT4.dll
0x00007ffe45070000 - 0x00007ffe45097000 	C:\WINDOWS\System32\bcrypt.dll
0x00007ffe45a90000 - 0x00007ffe45afb000 	C:\WINDOWS\System32\WS2_32.dll
0x00007ffe44ea0000 - 0x00007ffe44eeb000 	C:\WINDOWS\SYSTEM32\POWRPROF.dll
0x00007ffe3c260000 - 0x00007ffe3c287000 	C:\WINDOWS\SYSTEM32\WINMM.dll
0x00007ffe3c290000 - 0x00007ffe3c29a000 	C:\WINDOWS\SYSTEM32\VERSION.dll
0x00007ffe44dd0000 - 0x00007ffe44de2000 	C:\WINDOWS\SYSTEM32\UMPDC.dll
0x00007ffe42eb0000 - 0x00007ffe42ec2000 	C:\WINDOWS\SYSTEM32\kernel.appcore.dll
0x00007ffe37b50000 - 0x00007ffe37b5a000 	C:\Program Files\Eclipse Adoptium\jdk-17.0.16.8-hotspot\bin\jimage.dll
0x00007ffe34150000 - 0x00007ffe34351000 	C:\WINDOWS\SYSTEM32\DBGHELP.DLL
0x00007ffe34b40000 - 0x00007ffe34b74000 	C:\WINDOWS\SYSTEM32\dbgcore.DLL
0x00007ffe450f0000 - 0x00007ffe45172000 	C:\WINDOWS\System32\bcryptPrimitives.dll
0x00007ffe36c70000 - 0x00007ffe36c7e000 	C:\Program Files\Eclipse Adoptium\jdk-17.0.16.8-hotspot\bin\instrument.dll
0x00007ffe2c1d0000 - 0x00007ffe2c1f5000 	C:\Program Files\Eclipse Adoptium\jdk-17.0.16.8-hotspot\bin\java.dll
0x00007ffe25390000 - 0x00007ffe25467000 	C:\Program Files\Eclipse Adoptium\jdk-17.0.16.8-hotspot\bin\jsvml.dll
0x00007ffe46970000 - 0x00007ffe470e0000 	C:\WINDOWS\System32\SHELL32.dll
0x00007ffe430b0000 - 0x00007ffe43855000 	C:\WINDOWS\SYSTEM32\windows.storage.dll
0x00007ffe45e20000 - 0x00007ffe46174000 	C:\WINDOWS\System32\combase.dll
0x00007ffe44990000 - 0x00007ffe449bb000 	C:\WINDOWS\SYSTEM32\Wldp.dll
0x00007ffe46640000 - 0x00007ffe4670d000 	C:\WINDOWS\System32\OLEAUT32.dll
0x00007ffe46180000 - 0x00007ffe4622d000 	C:\WINDOWS\System32\SHCORE.dll
0x00007ffe47910000 - 0x00007ffe4796b000 	C:\WINDOWS\System32\shlwapi.dll
0x00007ffe44f70000 - 0x00007ffe44f94000 	C:\WINDOWS\SYSTEM32\profapi.dll
0x00007ffe2c100000 - 0x00007ffe2c118000 	C:\Program Files\Eclipse Adoptium\jdk-17.0.16.8-hotspot\bin\zip.dll
0x00007ffe30ce0000 - 0x00007ffe30cf9000 	C:\Program Files\Eclipse Adoptium\jdk-17.0.16.8-hotspot\bin\net.dll
0x00007ffe3b370000 - 0x00007ffe3b47a000 	C:\WINDOWS\SYSTEM32\WINHTTP.dll
0x00007ffe446f0000 - 0x00007ffe4475a000 	C:\WINDOWS\system32\mswsock.dll
0x00007ffe2d9a0000 - 0x00007ffe2d9b6000 	C:\Program Files\Eclipse Adoptium\jdk-17.0.16.8-hotspot\bin\nio.dll
0x00007ffe37750000 - 0x00007ffe37760000 	C:\Program Files\Eclipse Adoptium\jdk-17.0.16.8-hotspot\bin\verify.dll
0x00007ffe29ea0000 - 0x00007ffe29ec7000 	C:\Users\Bambang Adhi N\.gradle\native\1def1411415f61bf3af743bc5b6707747c0891f09f0c88961ee8f79bc544acac\windows-amd64\native-platform.dll
0x000000005b050000 - 0x000000005b0c3000 	C:\Users\Bambang Adhi N\.gradle\native\0.2.5\x86_64-windows-gnu\gradle-fileevents.dll
0x00007ffe38ab0000 - 0x00007ffe38aba000 	C:\Program Files\Eclipse Adoptium\jdk-17.0.16.8-hotspot\bin\management.dll
0x00007ffe38220000 - 0x00007ffe3822b000 	C:\Program Files\Eclipse Adoptium\jdk-17.0.16.8-hotspot\bin\management_ext.dll
0x00007ffe477b0000 - 0x00007ffe477b8000 	C:\WINDOWS\System32\PSAPI.DLL
0x00007ffe448e0000 - 0x00007ffe448f8000 	C:\WINDOWS\SYSTEM32\CRYPTSP.dll
0x00007ffe44010000 - 0x00007ffe44048000 	C:\WINDOWS\system32\rsaenh.dll
0x00007ffe44ef0000 - 0x00007ffe44f1e000 	C:\WINDOWS\SYSTEM32\USERENV.dll
0x00007ffe44900000 - 0x00007ffe4490c000 	C:\WINDOWS\SYSTEM32\CRYPTBASE.dll
0x00007ffe443d0000 - 0x00007ffe4440b000 	C:\WINDOWS\SYSTEM32\IPHLPAPI.DLL
0x00007ffe470e0000 - 0x00007ffe470e8000 	C:\WINDOWS\System32\NSI.dll
0x00007ffe3b670000 - 0x00007ffe3b687000 	C:\WINDOWS\SYSTEM32\dhcpcsvc6.DLL
0x00007ffe3cea0000 - 0x00007ffe3cebd000 	C:\WINDOWS\SYSTEM32\dhcpcsvc.DLL
0x00007ffe44410000 - 0x00007ffe444da000 	C:\WINDOWS\SYSTEM32\DNSAPI.dll
0x00007ffe38210000 - 0x00007ffe38219000 	C:\Program Files\Eclipse Adoptium\jdk-17.0.16.8-hotspot\bin\extnet.dll
0x00007ffe3fcf0000 - 0x00007ffe3fcfe000 	C:\Program Files\Eclipse Adoptium\jdk-17.0.16.8-hotspot\bin\sunmscapi.dll
0x00007ffe45180000 - 0x00007ffe452dd000 	C:\WINDOWS\System32\CRYPT32.dll
0x00007ffe44a70000 - 0x00007ffe44a97000 	C:\WINDOWS\SYSTEM32\ncrypt.dll
0x00007ffe44a30000 - 0x00007ffe44a6b000 	C:\WINDOWS\SYSTEM32\NTASN1.dll
0x00007ffe39640000 - 0x00007ffe39647000 	C:\WINDOWS\system32\wshunix.dll
0x000000005afd0000 - 0x000000005b043000 	C:\Users\Bambang Adhi N\AppData\Local\Temp\native-platform8625274598767142884dir\gradle-fileevents.dll
0x00007ffe3a2b0000 - 0x00007ffe3a2c7000 	C:\WINDOWS\system32\napinsp.dll
0x00007ffe3a2d0000 - 0x00007ffe3a2eb000 	C:\WINDOWS\system32\pnrpnsp.dll
0x00007ffe2bef0000 - 0x00007ffe2bf0d000 	C:\WINDOWS\system32\wshbth.dll
0x00007ffe3f890000 - 0x00007ffe3f8ad000 	C:\WINDOWS\system32\NLAapi.dll
0x00007ffe3a2f0000 - 0x00007ffe3a302000 	C:\WINDOWS\System32\winrnr.dll
0x00007ffe3a490000 - 0x00007ffe3a49a000 	C:\Windows\System32\rasadhlp.dll
0x00007ffe39d70000 - 0x00007ffe39df0000 	C:\WINDOWS\System32\fwpuclnt.dll

dbghelp: loaded successfully - version: 4.0.5 - missing functions: none
symbol engine: initialized successfully - sym options: 0x614 - pdb path: .;C:\Program Files\Eclipse Adoptium\jdk-17.0.16.8-hotspot\bin;C:\WINDOWS\SYSTEM32;C:\WINDOWS\WinSxS\amd64_microsoft.windows.common-controls_6595b64144ccf1df_6.0.19041.6456_none_60b8a6cb71f64256;C:\Program Files\Eclipse Adoptium\jdk-17.0.16.8-hotspot\bin\server;C:\Users\Bambang Adhi N\.gradle\native\1def1411415f61bf3af743bc5b6707747c0891f09f0c88961ee8f79bc544acac\windows-amd64;C:\Users\Bambang Adhi N\.gradle\native\0.2.5\x86_64-windows-gnu;C:\Users\Bambang Adhi N\AppData\Local\Temp\native-platform8625274598767142884dir

VM Arguments:
jvm_args: --add-opens=java.base/java.lang=ALL-UNNAMED --add-opens=java.base/java.lang.invoke=ALL-UNNAMED --add-opens=java.base/java.util=ALL-UNNAMED --add-opens=java.prefs/java.util.prefs=ALL-UNNAMED --add-exports=jdk.compiler/com.sun.tools.javac.api=ALL-UNNAMED --add-exports=jdk.compiler/com.sun.tools.javac.util=ALL-UNNAMED --add-opens=java.base/java.util=ALL-UNNAMED --add-opens=java.prefs/java.util.prefs=ALL-UNNAMED --add-opens=java.base/java.nio.charset=ALL-UNNAMED --add-opens=java.base/java.net=ALL-UNNAMED --add-opens=java.base/java.util.concurrent.atomic=ALL-UNNAMED --add-opens=java.xml/javax.xml.namespace=ALL-UNNAMED -XX:MaxMetaspaceSize=4G -XX:ReservedCodeCacheSize=512m -XX:+HeapDumpOnOutOfMemoryError -Xmx8G -Dfile.encoding=windows-1252 -Duser.country=US -Duser.language=en -Duser.variant -javaagent:C:\Users\Bambang Adhi N\.gradle\wrapper\dists\gradle-8.12-all\ejduaidbjup3bmmkhw3rie4zb\gradle-8.12\lib\agents\gradle-instrumentation-agent-8.12.jar 
java_command: org.gradle.launcher.daemon.bootstrap.GradleDaemon 8.12
java_class_path (initial): C:\Users\Bambang Adhi N\.gradle\wrapper\dists\gradle-8.12-all\ejduaidbjup3bmmkhw3rie4zb\gradle-8.12\lib\gradle-daemon-main-8.12.jar
Launcher Type: SUN_STANDARD

[Global flags]
     intx CICompilerCount                          = 3                                         {product} {ergonomic}
     uint ConcGCThreads                            = 1                                         {product} {ergonomic}
     uint G1ConcRefinementThreads                  = 4                                         {product} {ergonomic}
   size_t G1HeapRegionSize                         = 4194304                                   {product} {ergonomic}
    uintx GCDrainStackTargetSize                   = 64                                        {product} {ergonomic}
     bool HeapDumpOnOutOfMemoryError               = true                                   {manageable} {command line}
   size_t InitialHeapSize                          = 58720256                                  {product} {ergonomic}
   size_t MarkStackSize                            = 4194304                                   {product} {ergonomic}
   size_t MaxHeapSize                              = 8589934592                                {product} {command line}
   size_t MaxMetaspaceSize                         = 4294967296                                {product} {command line}
   size_t MaxNewSize                               = 5150605312                                {product} {ergonomic}
   size_t MinHeapDeltaBytes                        = 4194304                                   {product} {ergonomic}
   size_t MinHeapSize                              = 8388608                                   {product} {ergonomic}
    uintx NonNMethodCodeHeapSize                   = 5832780                                {pd product} {ergonomic}
    uintx NonProfiledCodeHeapSize                  = 265519066                              {pd product} {ergonomic}
    uintx ProfiledCodeHeapSize                     = 265519066                              {pd product} {ergonomic}
    uintx ReservedCodeCacheSize                    = 536870912                              {pd product} {command line}
     bool SegmentedCodeCache                       = true                                      {product} {ergonomic}
   size_t SoftMaxHeapSize                          = 8589934592                             {manageable} {ergonomic}
   double SweeperThreshold                         = 0.234375                                  {product} {ergonomic}
     bool UseCompressedClassPointers               = true                           {product lp64_product} {ergonomic}
     bool UseCompressedOops                        = true                           {product lp64_product} {ergonomic}
     bool UseG1GC                                  = true                                      {product} {ergonomic}
     bool UseLargePagesIndividualAllocation        = false                                  {pd product} {ergonomic}

Logging:
Log output configuration:
 #0: stdout all=warning uptime,level,tags
 #1: stderr all=off uptime,level,tags

Environment Variables:
CLASSPATH=D:\Pemrograman Mobile\app user\User3B\android\\gradle\wrapper\gradle-wrapper.jar
PATH=C:\Program Files\Eclipse Adoptium\jdk-17.0.16.8-hotspot\bin;C:\Users\Bambang Adhi N\fvm\versions\stable\bin\;c:\Users\Bambang Adhi N\AppData\Roaming\Code\User\globalStorage\github.copilot-chat\debugCommand;c:\Users\Bambang Adhi N\AppData\Roaming\Code\User\globalStorage\github.copilot-chat\copilotCli;C:\Python314\Scripts\;C:\Python314\;C:\Program Files\Eclipse Adoptium\jdk-17.0.16.8-hotspot\bin;D:\oracle.exe\app\oracle\product\11.2.0\server\bin;C:\Program Files (x86)\Falcon\MinGW\bin;C:\WINDOWS\system32;C:\WINDOWS;C:\WINDOWS\System32\Wbem;C:\WINDOWS\System32\WindowsPowerShell\v1.0\;C:\WINDOWS\System32\OpenSSH\;C:\ProgramData\chocolatey\bin;C:\Program Files\Git\cmd;D:\android\sdk\cmdline-tools\latest\bin;D:\android\sdk\platform-tools;D:\android\sdk\emulator;C:\Program Files\nodejs\;D:\laragon\bin\php\php-8.3.26-Win32-vs16-x64;D:\GitHub CLI\;C:\ProgramData\ComposerSetup\bin;C:\Users\Bambang Adhi N\fvm\default\bin;C:\Users\Bambang Adhi N\AppData\Local\Programs\Python\Python313\Scripts\;C:\Users\Bambang Adhi N\AppData\Local\Programs\Python\Python313\;C:\Users\Bambang Adhi N\AppData\Local\Programs\Python\Launcher\;C:\Program Files\JetBrains\PyCharm 2024.3.1\bin;;C:\Users\Bambang Adhi N\AppData\Local\Microsoft\WindowsApps;D:\Microsoft VS Code\bin;C:\tools\dart-sdk\bin;C:\Users\Bambang Adhi N\AppData\Local\Pub\Cache\bin;C:\Users\Bambang Adhi N\AppData\Roaming\npm;C:\Users\Bambang Adhi N\AppData\Roaming\Composer\vendor\bin
USERNAME=Bambang Adhi N
LANG=en_US.UTF-8
OS=Windows_NT
PROCESSOR_IDENTIFIER=AMD64 Family 22 Model 48 Stepping 1, AuthenticAMD
TMP=C:\Users\BAMBAN~1\AppData\Local\Temp
TEMP=C:\Users\BAMBAN~1\AppData\Local\Temp



Periodic native trim disabled


---------------  S Y S T E M  ---------------

OS:
 Windows 10 , 64 bit Build 19041 (10.0.19041.5915)
OS uptime: 2 days 6:22 hours

CPU: total 4 (initial active 4) (4 cores per cpu, 1 threads per core) family 22 model 48 stepping 1 microcode 0x0, cx8, cmov, fxsr, mmx, 3dnowpref, sse, sse2, sse3, ssse3, sse4a, sse4.1, sse4.2, popcnt, lzcnt, tsc, tscinvbit, avx, aes, clmul, bmi1, vzeroupper, clflush
Processor Information for all 4 processors :
  Max Mhz: 2200, Current Mhz: 2200, Mhz Limit: 2200

Memory: 4k page, system-wide physical 3506M (286M free)
TotalPageFile size 13668M (AvailPageFile size 1112M)
current process WorkingSet (physical memory assigned to process): 1034M, peak: 1365M
current process commit charge ("private bytes"): 3451M, peak: 5543M

vm_info: OpenJDK 64-Bit Server VM (17.0.16+8) for windows-amd64 JRE (17.0.16+8), built on Jul 16 2025 10:37:56 by "admin" with MS VC++ 17.7 (VS2022)

END.
